<?xml version="1.0" encoding="UTF-8"?>
<Workspace>
<NODES>
<NODE COMPONENT="DataSource" DESCRIPTION="INQ2005" DIAGRAMID="_ROOT_" ID="$1" PARENTID="" X="120.0" Y="163.0">
<PROPERTIES Component="DataSource" ComputeStatistics="N" DataSelection="DATASOURCE" DataSource="INQ" DataSourceRole="RAW" Description="" ForceRun="N" Library="AAEM61" NBytes="NaN" NCols="29.0" NObs="91482.0" NewTable="" OutputType="VIEW" Role="RAW" RunAction="Train" Scope="LOCAL" Segment="" Table="INQ2005">
<VariableProperties/>
<EmVariableAttributes>
<DELTA AttributeName="ROLE" AttributeValue="REJECTED" Variable="ACADEMIC_INTEREST_1"/>
<DELTA AttributeName="ROLE" AttributeValue="REJECTED" Variable="ACADEMIC_INTEREST_2"/>
<DELTA AttributeName="LEVEL" AttributeValue="NOMINAL" Variable="CAMPUS_VISIT"/>
<DELTA AttributeName="ROLE" AttributeValue="REJECTED" Variable="CONTACT_CODE1"/>
<DELTA AttributeName="ROLE" AttributeValue="REJECTED" Variable="ETHNICITY"/>
<DELTA AttributeName="ROLE" AttributeValue="TARGET" Variable="Enroll"/>
<DELTA AttributeName="LEVEL" AttributeValue="BINARY" Variable="Enroll"/>
<DELTA AttributeName="ROLE" AttributeValue="REJECTED" Variable="IRSCHOOL"/>
<DELTA AttributeName="LEVEL" AttributeValue="BINARY" Variable="Instate"/>
<DELTA AttributeName="ROLE" AttributeValue="REJECTED" Variable="LEVEL_YEAR"/>
<DELTA AttributeName="LEVEL" AttributeValue="UNARY" Variable="LEVEL_YEAR"/>
<DELTA AttributeName="LEVEL" AttributeValue="ORDINAL" Variable="REFERRAL_CNTCTS"/>
<DELTA AttributeName="LEVEL" AttributeValue="ORDINAL" Variable="SOLICITED_CNTCTS"/>
<DELTA AttributeName="LEVEL" AttributeValue="ORDINAL" Variable="TRAVEL_INIT_CNTCTS"/>
<DELTA AttributeName="LEVEL" AttributeValue="ORDINAL" Variable="interest"/>
<DELTA AttributeName="LEVEL" AttributeValue="ORDINAL" Variable="mailq"/>
<DELTA AttributeName="LEVEL" AttributeValue="BINARY" Variable="premiere"/>
<DELTA AttributeName="ROLE" AttributeValue="REJECTED" Variable="satscore"/>
<DELTA AttributeName="ROLE" AttributeValue="REJECTED" Variable="sex"/>
<DELTA AttributeName="LEVEL" AttributeValue="BINARY" Variable="stuemail"/>
<DELTA AttributeName="ROLE" AttributeValue="REJECTED" Variable="telecq"/>
<DELTA AttributeName="LEVEL" AttributeValue="ORDINAL" Variable="telecq"/>
</EmVariableAttributes>
<EmTargetAttributes/>
<EmFileProperties>
<EMNOTES Extension="txt" Type="EXTERNAL">
<Data/>
</EMNOTES>
</EmFileProperties>
</PROPERTIES>
</NODE>
<NODE COMPONENT="StatExplore" DESCRIPTION="StatExplore" DIAGRAMID="_ROOT_" ID="$2" PARENTID="" X="330.0" Y="44.0">
<PROPERTIES BySegment="N" ChiSquare="Y" ChiSquareInterval="N" ChiSquareIntervalNBins="5.0" Component="StatExplore" Correlation="Y" ForceRun="N" HideVariable="Y" MaximumVars="1000.0" NObs="100000" Pearson="Y" RunAction="Train" Spearman="N" UseScore="N" UseTest="" UseValidate="">
<VariableProperties/>
<EmVariableAttributes/>
<EmTargetAttributes/>
<EmFileProperties>
<CROSSTAB Type="DATA">
<Data/>
<Metadata/>
</CROSSTAB>
<EMNOTES Extension="txt" Type="EXTERNAL">
<Data/>
</EMNOTES>
</EmFileProperties>
</PROPERTIES>
</NODE>
<NODE COMPONENT="Sample" DESCRIPTION="Sample" DIAGRAMID="_ROOT_" ID="$3" PARENTID="" X="287.0" Y="163.0">
<PROPERTIES AdjustFreq="N" Alpha="0.01" ClassDistribution="Y" ClusterMethod="RANDOM" Component="Sample" ForceRun="N" FreqCount="N" FreqMiss="N" IgnoreSmallStrata="N" IntervalDistribution="Y" LevelProportion="100.0" LevelSampleProportion="12.5" LevelSelection="EVENT" Method="DEFAULT" MinStrataSize="5.0" OutputType="DATA" Pvalue="0.01" RandomSeed="12345.0" RunAction="Train" SizeObs="NaN" SizePercent="100.0" SizeType="PERCENT" StratifyCriterion="LEVELBASED">
<VariableProperties/>
<EmVariableAttributes/>
<EmTargetAttributes/>
<EmFileProperties>
<EMNOTES Extension="txt" Type="EXTERNAL">
<Data/>
</EMNOTES>
</EmFileProperties>
</PROPERTIES>
</NODE>
<NODE COMPONENT="Decisions" DESCRIPTION="Decisions" DIAGRAMID="_ROOT_" ID="$4" PARENTID="" X="459.0" Y="163.0">
<PROPERTIES ApplyDecisions="N" Catalog="SASHELP.EMASSMT.DECISIONS.SOURCE" Component="Decisions" Decisions="" Extension="" ForceRun="N" Location="CATALOG" NotesFile="D:\SAS\Config\Lev1\AppData\EnterpriseMiner\6.1\M Project\Workspaces\EMWS4\Dec\EMNOTES.txt" ResetDecInfo="N" RunAction="Train" ToolType="MODEL" VariableSet="EMWS4.Dec_VariableSet">
<VariableProperties/>
<EmVariableAttributes/>
<EmTargetAttributes>
<Enroll>
<DecData Table="EMWS4.Dec_Enroll_DD">
<Data>
<Obs COUNT="2868.0" DATAPRIOR="0.125" DECISION1="8.0" DECISION2="0.0" DECPRIOR="0.0" ENROLL="1" TRAINPRIOR="12.5"/>
<Obs COUNT="20076.0" DATAPRIOR="0.875" DECISION1="0.0" DECISION2="1.1428571429" DECPRIOR="0.0" ENROLL="0" TRAINPRIOR="87.5"/>
</Data>
<Metadata>
<Variable FORMAT="" LABEL="" LENGTH="32" NAME="Enroll" TYPE="C"/>
<Variable FORMAT="" LABEL="Level Counts" LENGTH="8" NAME="COUNT" TYPE="N"/>
<Variable FORMAT="" LABEL="Data Proportions" LENGTH="8" NAME="DATAPRIOR" TYPE="N"/>
<Variable FORMAT="" LABEL="Training Proportions" LENGTH="8" NAME="TRAINPRIOR" TYPE="N"/>
<Variable FORMAT="" LABEL="Decision Priors" LENGTH="8" NAME="DECPRIOR" TYPE="N"/>
<Variable FORMAT="" LABEL="1" LENGTH="8" NAME="DECISION1" TYPE="N"/>
<Variable FORMAT="" LABEL="0" LENGTH="8" NAME="DECISION2" TYPE="N"/>
</Metadata>
</DecData>
<DecMeta Table="EMWS4.Dec_Enroll_DM">
<Data>
<Obs COST="" EVENT="" FORMAT="" LABEL="" LEVEL="PROFIT" ORDER="" TYPE="" USE="Y" VARIABLE="" _TYPE_="MATRIX"/>
<Obs COST="" EVENT="1" FORMAT="8.0" LABEL="" LEVEL="BINARY" ORDER="" TYPE="N" USE="" VARIABLE="Enroll" _TYPE_="TARGET"/>
<Obs COST="" EVENT="" FORMAT="" LABEL="Data Prior" LEVEL="" ORDER="" TYPE="N" USE="Y" VARIABLE="DATAPRIOR" _TYPE_="DATAPRIOR"/>
<Obs COST="" EVENT="" FORMAT="" LABEL="Training Prior" LEVEL="" ORDER="" TYPE="N" USE="N" VARIABLE="TRAINPRIOR" _TYPE_="TRAINPRIOR"/>
<Obs COST="" EVENT="" FORMAT="" LABEL="Decision Prior" LEVEL="" ORDER="" TYPE="N" USE="N" VARIABLE="DECPRIOR" _TYPE_="DECPRIOR"/>
<Obs COST="" EVENT="" FORMAT="" LABEL="Predicted: Enroll=1" LEVEL="1" ORDER="" TYPE="N" USE="" VARIABLE="P_Enroll1" _TYPE_="PREDICTED"/>
<Obs COST="" EVENT="" FORMAT="" LABEL="Residual: Enroll=1" LEVEL="1" ORDER="" TYPE="N" USE="" VARIABLE="R_Enroll1" _TYPE_="RESIDUAL"/>
<Obs COST="" EVENT="" FORMAT="" LABEL="Predicted: Enroll=0" LEVEL="0" ORDER="" TYPE="N" USE="" VARIABLE="P_Enroll0" _TYPE_="PREDICTED"/>
<Obs COST="" EVENT="" FORMAT="" LABEL="Residual: Enroll=0" LEVEL="0" ORDER="" TYPE="N" USE="" VARIABLE="R_Enroll0" _TYPE_="RESIDUAL"/>
<Obs COST="" EVENT="" FORMAT="" LABEL="From: Enroll" LEVEL="" ORDER="" TYPE="C" USE="" VARIABLE="F_Enroll" _TYPE_="FROM"/>
<Obs COST="" EVENT="" FORMAT="" LABEL="Into: Enroll" LEVEL="" ORDER="" TYPE="C" USE="" VARIABLE="I_Enroll" _TYPE_="INTO"/>
<Obs COST="" EVENT="" FORMAT="" LABEL="1" LEVEL="" ORDER="" TYPE="N" USE="Y" VARIABLE="DECISION1" _TYPE_="DECISION"/>
<Obs COST="" EVENT="" FORMAT="" LABEL="0" LEVEL="" ORDER="" TYPE="N" USE="Y" VARIABLE="DECISION2" _TYPE_="DECISION"/>
<Obs COST="" EVENT="" FORMAT="" LABEL="Decision: Enroll" LEVEL="" ORDER="" TYPE="N" USE="Y" VARIABLE="D_Enroll" _TYPE_="MODELDECISION"/>
<Obs COST="" EVENT="" FORMAT="" LABEL="Expected Profit: Enroll" LEVEL="" ORDER="" TYPE="N" USE="Y" VARIABLE="EP_ENROLL" _TYPE_="EXPECTEDPROFIT"/>
<Obs COST="" EVENT="" FORMAT="" LABEL="Computed Profit: Enroll" LEVEL="" ORDER="" TYPE="N" USE="Y" VARIABLE="CP_ENROLL" _TYPE_="COMPUTEDPROFIT"/>
<Obs COST="" EVENT="" FORMAT="" LABEL="Best Profit: Enroll" LEVEL="" ORDER="" TYPE="N" USE="Y" VARIABLE="BP_ENROLL" _TYPE_="BESTPROFIT"/>
</Data>
<Metadata>
<Variable FORMAT="" LABEL="Type" LENGTH="32" NAME="_TYPE_" TYPE="C"/>
<Variable FORMAT="" LABEL="Variable" LENGTH="32" NAME="VARIABLE" TYPE="C"/>
<Variable FORMAT="" LABEL="Label" LENGTH="40" NAME="LABEL" TYPE="C"/>
<Variable FORMAT="" LABEL="Measurement Level" LENGTH="32" NAME="LEVEL" TYPE="C"/>
<Variable FORMAT="" LABEL="Target Event" LENGTH="32" NAME="EVENT" TYPE="C"/>
<Variable FORMAT="" LABEL="Order" LENGTH="10" NAME="ORDER" TYPE="C"/>
<Variable FORMAT="" LABEL="Format" LENGTH="32" NAME="FORMAT" TYPE="C"/>
<Variable FORMAT="" LABEL="Type" LENGTH="1" NAME="TYPE" TYPE="C"/>
<Variable FORMAT="" LABEL="Cost" LENGTH="32" NAME="COST" TYPE="C"/>
<Variable FORMAT="" LABEL="Use" LENGTH="1" NAME="USE" TYPE="C"/>
</Metadata>
</DecMeta>
</Enroll>
</EmTargetAttributes>
<EmFileProperties>
<USERTRAINCODE Extension="sas" Type="EXTERNAL">
<Data/>
</USERTRAINCODE>
<EMNOTES Extension="txt" Type="EXTERNAL">
<Data/>
</EMNOTES>
</EmFileProperties>
</PROPERTIES>
</NODE>
<NODE COMPONENT="Partition" DESCRIPTION="Data Partition" DIAGRAMID="_ROOT_" ID="$5" PARENTID="" X="625.0" Y="163.0">
<PROPERTIES ClassDistribution="Y" Component="Partition" ForceRun="N" IntervalDistribution="Y" Method="DEFAULT" OutputType="DATA" RandomSeed="12345.0" RunAction="Train" TestPct="0.0" TrainPct="60.0" ValidatePct="40.0">
<VariableProperties/>
<EmVariableAttributes/>
<EmTargetAttributes/>
<EmFileProperties>
<EMNOTES Extension="txt" Type="EXTERNAL">
<Data/>
</EMNOTES>
</EmFileProperties>
</PROPERTIES>
</NODE>
<NODE COMPONENT="Impute" DESCRIPTION="Impute" DIAGRAMID="_ROOT_" ID="$6" PARENTID="" X="788.0" Y="163.0">
<PROPERTIES ABWTuning="9.0" AHUBERTuning="1.5" AWAVETuning="6.2831853072" Component="Impute" DefaultChar="" DefaultNum="NaN" DistributionMissing="N" ForceRun="N" HideVariable="Y" ImputeNoMissing="N" Indicator="UNIQUE" IndicatorRole="INPUT" LeafSize="5.0" MaxPctMissing="50.0" Maxbranch="2.0" Maxdepth="6.0" MethodClass="TREE" MethodInterval="TREE" MethodTargetClass="NONE" MethodTargetInterval="NONE" MinCatSize="5.0" Normalize="Y" Nrules="5.0" Nsurrs="2.0" RandomSeed="12345.0" ReplaceVariable="N" RunAction="Train" SpacingProportion="90.0" Splitsize="NaN" ValidateTestMissing="N">
<VariableProperties/>
<EmVariableAttributes/>
<EmTargetAttributes/>
<EmFileProperties>
<EMNOTES Extension="txt" Type="EXTERNAL">
<Data/>
</EMNOTES>
</EmFileProperties>
</PROPERTIES>
</NODE>
<NODE COMPONENT="Regression" DESCRIPTION="Instate Regression" DIAGRAMID="_ROOT_" ID="$7" PARENTID="" X="1110.0" Y="114.0">
<PROPERTIES AbsConvValue="-1.34078E154" AbsFTime="1.0" AbsFValue="0.0" AbsGTime="1.0" AbsGValue="1.0E-5" AbsXTime="1.0" AbsXValue="1.0E-8" ClParm="N" Component="Regression" ConvDefaults="Y" CorB="N" CovB="N" Details="N" Error="LOGISTIC" ExcludedVariable="REJECT" FConvTimes="1.0" FConvValue="0.0" Force="0.0" ForceRun="N" GConvTimes="1.0" GConvValue="1.0E-6" Hierarchy="CLASS" InputCoding="DEVIATION" LinkFunction="LOGIT" MainEffect="Y" MaxCPUTime="1 HOUR" MaxFunctionCalls="NaN" MaxIterations="NaN" MaxStep="NaN" MinResourceUse="N" ModelDefaults="Y" ModelSelection="NONE" OptimizationTechnique="DEFAULT" Performance="N" Polynomial="N" PolynomialDegree="2.0" PrintDesignMatrix="N" Rule="NONE" RunAction="Train" SASSPDS="N" SelectionCriterion="DEFAULT" SelectionDefault="Y" Sequential="N" Simple="N" SlEntry="0.05" SlStay="0.05" Start="0.0" StepOutput="N" Stop="0.0" SuppressIntercept="N" SuppressOutput="N" Terms="N" TwoFactor="N">
<VariableProperties/>
<EmVariableAttributes>
<DELTA AttributeName="USE" AttributeValue="Y" Variable="Instate"/>
</EmVariableAttributes>
<EmTargetAttributes/>
<EmFileProperties>
<EMNOTES Extension="txt" Type="EXTERNAL">
<Data/>
</EMNOTES>
</EmFileProperties>
</PROPERTIES>
</NODE>
<NODE COMPONENT="Regression" DESCRIPTION="Stepwise Regression" DIAGRAMID="_ROOT_" ID="$8" PARENTID="" X="948.0" Y="162.0">
<PROPERTIES AbsConvValue="-1.34078E154" AbsFTime="1.0" AbsFValue="0.0" AbsGTime="1.0" AbsGValue="1.0E-5" AbsXTime="1.0" AbsXValue="1.0E-8" ClParm="N" Component="Regression" ConvDefaults="Y" CorB="N" CovB="N" Details="N" Error="LOGISTIC" ExcludedVariable="REJECT" FConvTimes="1.0" FConvValue="0.0" Force="0.0" ForceRun="N" GConvTimes="1.0" GConvValue="1.0E-6" Hierarchy="CLASS" InputCoding="DEVIATION" LinkFunction="LOGIT" MainEffect="Y" MaxCPUTime="1 HOUR" MaxFunctionCalls="NaN" MaxIterations="NaN" MaxStep="NaN" MinResourceUse="N" ModelDefaults="Y" ModelSelection="STEPWISE" OptimizationTechnique="DEFAULT" Performance="N" Polynomial="N" PolynomialDegree="2.0" PrintDesignMatrix="N" Rule="NONE" RunAction="Train" SASSPDS="N" SelectionCriterion="DEFAULT" SelectionDefault="Y" Sequential="N" Simple="N" SlEntry="0.05" SlStay="0.05" Start="0.0" StepOutput="N" Stop="0.0" SuppressIntercept="N" SuppressOutput="N" Terms="N" TwoFactor="N">
<VariableProperties/>
<EmVariableAttributes/>
<EmTargetAttributes/>
<EmFileProperties>
<EMNOTES Extension="txt" Type="EXTERNAL">
<Data/>
</EMNOTES>
</EmFileProperties>
</PROPERTIES>
</NODE>
<NODE COMPONENT="NeuralNetwork" DESCRIPTION="Neural Network" DIAGRAMID="_ROOT_" ID="$9" PARENTID="" X="1111.0" Y="197.0">
<PROPERTIES AbsConvValue="-1.34078E154" AbsFTime="1.0" AbsFValue="0.0" AbsGTime="1.0" AbsGValue="1.0E-5" AbsXTime="1.0" AbsXValue="1.0E-8" Accelerate="1.2" AddHidden="Y" CodefileNoRes="" CodefileRes="" Component="NeuralNetwork" ConvDefaults="Y" Decelerate="0.5" DirectConnection="N" FConvTime="1.0" FConvValue="0.0" ForceRun="N" GConvTime="1.0" GConvValue="1.0E-6" Hidden="3.0" HiddenActivation="DEFAULT" HiddenBias="Y" HiddenCombFunction="DEFAULT" HiddenUnits="N" InitialDs="" InitialSeed="12345.0" InputStandardization="STD" Learn="0.1" MaxLearn="50.0" MaxMomentum="1.75" Maxiter="50.0" Maxtime="4 HOURS" MinLearn="1.0E-5" ModelSelectionCriterion="PROFIT/LOSS" Momentum="0.0" NetworkArchitecture="MLP" Outest="" Outfit="" Prelim="Y" PrelimMaxTime="1 HOUR" PrelimMaxiter="10.0" PrelimOutest="" PreliminaryRuns="5.0" RandDist="NORMAL" RandLoc="0.0" RandScale="1.0" Residuals="Y" RunAction="Train" Standardizations="N" SuppressOutput="N" TargetActivation="DEFAULT" TargetBias="Y" TargetCombFunction="DEFAULT" TargetError="DEFAULT" Tilt="0.0" TrainCode="" TrainingTechnique="DEFAULT" UseEstimates="N" WeightDecay="0.0">
<VariableProperties/>
<EmVariableAttributes/>
<EmTargetAttributes/>
<EmFileProperties>
<EMNOTES Extension="txt" Type="EXTERNAL">
<Data/>
</EMNOTES>
</EmFileProperties>
</PROPERTIES>
</NODE>
<NODE COMPONENT="DecisionTree" DESCRIPTION="Decision Tree" DIAGRAMID="_ROOT_" ID="$10" PARENTID="" X="1112.0" Y="260.0">
<PROPERTIES AssessMeasure="PROFIT/LOSS" AssessPercentage="0.25" CV="N" CVNIter="10.0" CVRepeat="1.0" CVSeed="12345.0" Component="DecisionTree" Criterion="DEFAULT" Depth="Y" Dummy="N" Exhaustive="5000.0" ForceRun="N" Freeze="N" Inputs="N" IntervalCriterion="PROBF" Kass="Y" KassApply="BEFORE" LeafSize="5.0" Leafid="Y" Maxbranch="2.0" Maxdepth="6.0" MinCatSize="5.0" MissingValue="USEINSEARCH" NSubtree="3.0" NodeRole="SEGMENT" NodeSample="20000.0" NominalCriterion="PROBCHISQ" Nrules="5.0" Nsurrs="0.0" NumInputs="1.0" NumSingleImp="5.0" ObsImportance="N" OrdinalCriterion="ENTROPY" Performance="DISK" Predict="Y" RunAction="Train" SigLevel="0.2" Splitsize="NaN" Subtree="ASSESSMENT" TrainMode="BATCH" UseDecision="N" UseMultipleTarget="N" UsePriors="N" UseVarOnce="N" VarSelection="Y">
<VariableProperties/>
<EmVariableAttributes/>
<EmTargetAttributes/>
<EmFileProperties>
<EMNOTES Extension="txt" Type="EXTERNAL">
<Data/>
</EMNOTES>
</EmFileProperties>
</PROPERTIES>
</NODE>
<NODE COMPONENT="ModelCompare" DESCRIPTION="Model Comparison" DIAGRAMID="_ROOT_" ID="$11" PARENTID="" X="1294.0" Y="163.0">
<PROPERTIES AssessAllTargetLevels="N" Component="ModelCompare" DecileBin="20.0" ForceRun="N" LiftEpsilon="1.0E-6" ModelCriteria="Valid: Average Profit" ModelDescription="Neural Network" ModelId="Neural" NormalizeReportingVariables="Y" NumberOfReportedLevels="1.0E-6" NumberofBins="20.0" ProfitEpsilon="1.0E-6" RecomputeAssess="N" RocChart="Y" RocEpsilon="0.01" RoiEpsilon="1.0E-6" RunAction="Train" ScoreDistBin="20.0" SelectionCriteria="DEFAULT" SelectionDepth="10" SelectionTable="TRAIN" StatisticUsed="_VAPROF_" TargetName="Enroll">
<VariableProperties/>
<EmVariableAttributes/>
<EmTargetAttributes/>
<EmFileProperties>
<EMNOTES Extension="txt" Type="EXTERNAL">
<Data/>
</EMNOTES>
</EmFileProperties>
</PROPERTIES>
</NODE>
<NODE COMPONENT="Filter" DESCRIPTION="Filter Out of State" DIAGRAMID="_ROOT_" ID="$12" PARENTID="" X="637.0" Y="501.0">
<PROPERTIES ClassFilterMethod="NONE" Component="Filter" ExportTable="FILTERED" ForceRun="N" IntervalFilterMethod="NONE" KeepMissingClass="Y" KeepMissingInterval="Y" MADSCutoff="9.0" MaxValues="25.0" MinFreq="1.0" MinPercent="0.01" NormalizeClassValue="Y" PercentsCutoff="0.5" PublishScoreCode="Y" RunAction="Train" SpacingsCutoff="9.0" StddevCutoff="3.0" TabletoFilter="TRAIN">
<VariableProperties/>
<EmVariableAttributes>
<DELTA AttributeName="CALCMETHOD" AttributeValue="MANUAL" Variable="Instate"/>
</EmVariableAttributes>
<EmTargetAttributes/>
<EmFileProperties>
<CLASSFILTER Type="DATA">
<Data>
<Obs COUNT="8200.0" FILTER="Y" PERCENT="35.739191074" VALUE="N" VARIABLE="Instate"/>
</Data>
<Metadata>
<Variable FORMAT="" LABEL="Variable" LENGTH="32" NAME="VARIABLE" TYPE="C"/>
<Variable FORMAT="" LABEL="Value" LENGTH="12" NAME="VALUE" TYPE="C"/>
<Variable FORMAT="" LABEL="Frequency Count" LENGTH="8" NAME="COUNT" TYPE="N"/>
<Variable FORMAT="" LABEL="Percent" LENGTH="8" NAME="PERCENT" TYPE="N"/>
<Variable FORMAT="" LABEL="" LENGTH="1" NAME="Filter" TYPE="C"/>
</Metadata>
</CLASSFILTER>
<EMNOTES Extension="txt" Type="EXTERNAL">
<Data/>
</EMNOTES>
</EmFileProperties>
</PROPERTIES>
</NODE>
<NODE COMPONENT="Partition" DESCRIPTION="Data Partition (2)" DIAGRAMID="_ROOT_" ID="$13" PARENTID="" X="789.0" Y="501.0">
<PROPERTIES ClassDistribution="Y" Component="Partition" ForceRun="N" IntervalDistribution="Y" Method="DEFAULT" OutputType="DATA" RandomSeed="12345.0" RunAction="Train" TestPct="0.0" TrainPct="60.0" ValidatePct="40.0">
<VariableProperties/>
<EmVariableAttributes/>
<EmTargetAttributes/>
<EmFileProperties>
<EMNOTES Extension="txt" Type="EXTERNAL">
<Data/>
</EMNOTES>
</EmFileProperties>
</PROPERTIES>
</NODE>
<NODE COMPONENT="Impute" DESCRIPTION="Impute (2)" DIAGRAMID="_ROOT_" ID="$14" PARENTID="" X="944.0" Y="504.0">
<PROPERTIES ABWTuning="9.0" AHUBERTuning="1.5" AWAVETuning="6.2831853072" Component="Impute" DefaultChar="" DefaultNum="NaN" DistributionMissing="N" ForceRun="N" HideVariable="Y" ImputeNoMissing="N" Indicator="UNIQUE" IndicatorRole="INPUT" LeafSize="5.0" MaxPctMissing="50.0" Maxbranch="2.0" Maxdepth="6.0" MethodClass="TREE" MethodInterval="TREE" MethodTargetClass="NONE" MethodTargetInterval="NONE" MinCatSize="5.0" Normalize="Y" Nrules="5.0" Nsurrs="2.0" RandomSeed="12345.0" ReplaceVariable="N" RunAction="Train" SpacingProportion="90.0" Splitsize="NaN" ValidateTestMissing="N">
<VariableProperties/>
<EmVariableAttributes/>
<EmTargetAttributes/>
<EmFileProperties>
<EMNOTES Extension="txt" Type="EXTERNAL">
<Data/>
</EMNOTES>
</EmFileProperties>
</PROPERTIES>
</NODE>
<NODE COMPONENT="Regression" DESCRIPTION="Regression (3)" DIAGRAMID="_ROOT_" ID="$15" PARENTID="" X="1097.0" Y="504.0">
<PROPERTIES AbsConvValue="-1.34078E154" AbsFTime="1.0" AbsFValue="0.0" AbsGTime="1.0" AbsGValue="1.0E-5" AbsXTime="1.0" AbsXValue="1.0E-8" ClParm="N" Component="Regression" ConvDefaults="Y" CorB="N" CovB="N" Details="N" Error="LOGISTIC" ExcludedVariable="REJECT" FConvTimes="1.0" FConvValue="0.0" Force="0.0" ForceRun="N" GConvTimes="1.0" GConvValue="1.0E-6" Hierarchy="CLASS" InputCoding="DEVIATION" LinkFunction="LOGIT" MainEffect="Y" MaxCPUTime="1 HOUR" MaxFunctionCalls="NaN" MaxIterations="NaN" MaxStep="NaN" MinResourceUse="N" ModelDefaults="Y" ModelSelection="STEPWISE" OptimizationTechnique="DEFAULT" Performance="N" Polynomial="N" PolynomialDegree="2.0" PrintDesignMatrix="N" Rule="NONE" RunAction="Train" SASSPDS="N" SelectionCriterion="DEFAULT" SelectionDefault="Y" Sequential="N" Simple="N" SlEntry="0.05" SlStay="0.05" Start="0.0" StepOutput="N" Stop="0.0" SuppressIntercept="N" SuppressOutput="N" Terms="N" TwoFactor="N">
<VariableProperties/>
<EmVariableAttributes/>
<EmTargetAttributes/>
<EmFileProperties>
<EMNOTES Extension="txt" Type="EXTERNAL">
<Data/>
</EMNOTES>
</EmFileProperties>
</PROPERTIES>
</NODE>
<NODE COMPONENT="NeuralNetwork" DESCRIPTION="Neural Network (2)" DIAGRAMID="_ROOT_" ID="$16" PARENTID="" X="1272.0" Y="549.0">
<PROPERTIES AbsConvValue="-1.34078E154" AbsFTime="1.0" AbsFValue="0.0" AbsGTime="1.0" AbsGValue="1.0E-5" AbsXTime="1.0" AbsXValue="1.0E-8" Accelerate="1.2" AddHidden="Y" CodefileNoRes="" CodefileRes="" Component="NeuralNetwork" ConvDefaults="Y" Decelerate="0.5" DirectConnection="N" FConvTime="1.0" FConvValue="0.0" ForceRun="N" GConvTime="1.0" GConvValue="1.0E-6" Hidden="3.0" HiddenActivation="DEFAULT" HiddenBias="Y" HiddenCombFunction="DEFAULT" HiddenUnits="N" InitialDs="" InitialSeed="12345.0" InputStandardization="STD" Learn="0.1" MaxLearn="50.0" MaxMomentum="1.75" Maxiter="50.0" Maxtime="4 HOURS" MinLearn="1.0E-5" ModelSelectionCriterion="PROFIT/LOSS" Momentum="0.0" NetworkArchitecture="MLP" Outest="" Outfit="" Prelim="Y" PrelimMaxTime="1 HOUR" PrelimMaxiter="10.0" PrelimOutest="" PreliminaryRuns="5.0" RandDist="NORMAL" RandLoc="0.0" RandScale="1.0" Residuals="Y" RunAction="Train" Standardizations="N" SuppressOutput="N" TargetActivation="DEFAULT" TargetBias="Y" TargetCombFunction="DEFAULT" TargetError="DEFAULT" Tilt="0.0" TrainCode="" TrainingTechnique="DEFAULT" UseEstimates="N" WeightDecay="0.0">
<VariableProperties/>
<EmVariableAttributes/>
<EmTargetAttributes/>
<EmFileProperties>
<EMNOTES Extension="txt" Type="EXTERNAL">
<Data/>
</EMNOTES>
</EmFileProperties>
</PROPERTIES>
</NODE>
<NODE COMPONENT="DecisionTree" DESCRIPTION="Decision Tree (2)" DIAGRAMID="_ROOT_" ID="$17" PARENTID="" X="1295.0" Y="626.0">
<PROPERTIES AssessMeasure="PROFIT/LOSS" AssessPercentage="0.25" CV="N" CVNIter="10.0" CVRepeat="1.0" CVSeed="12345.0" Component="DecisionTree" Criterion="DEFAULT" Depth="Y" Dummy="N" Exhaustive="5000.0" ForceRun="N" Freeze="N" Inputs="N" IntervalCriterion="PROBF" Kass="Y" KassApply="BEFORE" LeafSize="5.0" Leafid="Y" Maxbranch="2.0" Maxdepth="6.0" MinCatSize="5.0" MissingValue="USEINSEARCH" NSubtree="5.0" NodeRole="SEGMENT" NodeSample="20000.0" NominalCriterion="PROBCHISQ" Nrules="5.0" Nsurrs="0.0" NumInputs="1.0" NumSingleImp="5.0" ObsImportance="N" OrdinalCriterion="ENTROPY" Performance="DISK" Predict="Y" RunAction="Train" SigLevel="0.2" Splitsize="NaN" Subtree="N" TrainMode="BATCH" UseDecision="N" UseMultipleTarget="N" UsePriors="N" UseVarOnce="N" VarSelection="Y">
<VariableProperties/>
<EmVariableAttributes/>
<EmTargetAttributes/>
<EmFileProperties>
<EMNOTES Extension="txt" Type="EXTERNAL">
<Data/>
</EMNOTES>
</EmFileProperties>
</PROPERTIES>
</NODE>
<NODE COMPONENT="ModelCompare" DESCRIPTION="Model Comparison (2)" DIAGRAMID="_ROOT_" ID="$18" PARENTID="" X="1457.0" Y="503.0">
<PROPERTIES AssessAllTargetLevels="N" Component="ModelCompare" DecileBin="20.0" ForceRun="N" LiftEpsilon="1.0E-6" ModelCriteria="Valid: Average Profit" ModelDescription="Neural Network (2)" ModelId="Neural2" NormalizeReportingVariables="Y" NumberOfReportedLevels="1.0E-6" NumberofBins="20.0" ProfitEpsilon="1.0E-6" RecomputeAssess="N" RocChart="Y" RocEpsilon="0.01" RoiEpsilon="1.0E-6" RunAction="Train" ScoreDistBin="20.0" SelectionCriteria="DEFAULT" SelectionDepth="10" SelectionTable="TRAIN" StatisticUsed="_VAPROF_" TargetName="Enroll">
<VariableProperties/>
<EmVariableAttributes/>
<EmTargetAttributes/>
<EmFileProperties>
<EMNOTES Extension="txt" Type="EXTERNAL">
<Data/>
</EMNOTES>
</EmFileProperties>
</PROPERTIES>
</NODE>
<NODE COMPONENT="Score" DESCRIPTION="Score" DIAGRAMID="_ROOT_" ID="$19" PARENTID="" X="1631.0" Y="503.0">
<PROPERTIES CScore="Y" Component="Score" FixedOutputNames="Y" ForceRun="N" HideAssess="Y" HideClassification="Y" HideFreq="Y" HideInput="Y" HideOther="Y" HidePredict="Y" HideRejected="Y" HideResidual="Y" HideTarget="Y" HideVariables="N" JScore="Y" OptimizedCode="Y" OutputType="VIEW" PackageName="DEFAULT" PreferenceName="" RunAction="Train" ScoreTest="N" ScoreValidate="N" UserPackageName="">
<VariableProperties/>
<EmVariableAttributes/>
<EmTargetAttributes/>
<EmFileProperties>
<EMNOTES Extension="txt" Type="EXTERNAL">
<Data/>
</EMNOTES>
</EmFileProperties>
</PROPERTIES>
</NODE>
<NODE COMPONENT="DataSource" DESCRIPTION="INQ2005" DIAGRAMID="_ROOT_" ID="$20" PARENTID="" X="1488.0" Y="659.0">
<PROPERTIES Component="DataSource" ComputeStatistics="N" DataSelection="DATASOURCE" DataSource="INQ1" DataSourceRole="SCORE" Description="" ForceRun="N" Library="AAEM61" NBytes="NaN" NCols="29.0" NObs="91482.0" NewTable="" OutputType="VIEW" Role="SCORE" RunAction="Train" Scope="LOCAL" Segment="" Table="INQ2005">
<VariableProperties/>
<EmVariableAttributes/>
<EmTargetAttributes/>
<EmFileProperties>
<EMNOTES Extension="txt" Type="EXTERNAL">
<Data/>
</EMNOTES>
</EmFileProperties>
</PROPERTIES>
</NODE>
<NODE COMPONENT="SASCode" DESCRIPTION="SAS Code" DIAGRAMID="_ROOT_" ID="$21" PARENTID="" X="1803.0" Y="503.0">
<PROPERTIES Component="SASCode" DataNeeded="N" Extension="" ForceRun="N" Interactive="" MetaAdvisor="BASIC" NotesFile="" PublishCode="PUBLISH" RunAction="Train" ScoreCodeFormat="DATASTEP" ToolType="UTILITY" UsePriors="Y" VariableSet="">
<VariableProperties/>
<EmVariableAttributes/>
<EmTargetAttributes/>
<EmFileProperties>
<USERTRAINCODE Extension="sas" Type="EXTERNAL">
<Data>data aaem61.enroll_score;
	set &amp;EM_IMPORT_SCORE;
run;
</Data>
</USERTRAINCODE>
<EMNOTES Extension="txt" Type="EXTERNAL">
<Data/>
</EMNOTES>
</EmFileProperties>
</PROPERTIES>
</NODE>
</NODES>
<CONNECTIONS>
<CONNECTION FROM="$1" TO="$3"/>
<CONNECTION FROM="$1" TO="$2"/>
<CONNECTION FROM="$3" TO="$4"/>
<CONNECTION FROM="$4" TO="$12"/>
<CONNECTION FROM="$4" TO="$5"/>
<CONNECTION FROM="$5" TO="$10"/>
<CONNECTION FROM="$5" TO="$6"/>
<CONNECTION FROM="$6" TO="$8"/>
<CONNECTION FROM="$7" TO="$11"/>
<CONNECTION FROM="$8" TO="$7"/>
<CONNECTION FROM="$8" TO="$11"/>
<CONNECTION FROM="$8" TO="$9"/>
<CONNECTION FROM="$9" TO="$11"/>
<CONNECTION FROM="$10" TO="$11"/>
<CONNECTION FROM="$12" TO="$13"/>
<CONNECTION FROM="$13" TO="$17"/>
<CONNECTION FROM="$13" TO="$14"/>
<CONNECTION FROM="$14" TO="$15"/>
<CONNECTION FROM="$15" TO="$18"/>
<CONNECTION FROM="$15" TO="$16"/>
<CONNECTION FROM="$16" TO="$18"/>
<CONNECTION FROM="$17" TO="$18"/>
<CONNECTION FROM="$18" TO="$19"/>
<CONNECTION FROM="$19" TO="$21"/>
<CONNECTION FROM="$20" TO="$19"/>
</CONNECTIONS>
<NOTES>
</NOTES>
</Workspace>
