100000,31/07/2011,Current,-2153.339029
100014,31/07/2011,Current,2800.144285
100022,31/07/2011,Current,-8097.474388
100026,31/07/2011,Cashsave,7581.814322
100026,31/07/2011,Cashsave,5757.874756
100038,31/07/2011,Current,-4354.210591
100044,31/07/2011,Current,8533.049463
100074,31/07/2011,Current,8200.148185
100082,31/07/2011,Current,2847.214756
100083,31/07/2011,Current,-6055.3242
100105,31/07/2011,Cashsave,1799.303121
100108,31/07/2011,Cashsave,5418.533362
100127,31/07/2011,Current,-2234.345256
100146,31/07/2011,Current,-8532.959408
100149,31/07/2011,Cashsave,9803.37714
100160,31/07/2011,Cashsave,266.9518565
100162,31/07/2011,Cashsave,412.5167501
100167,31/07/2011,Current,2214.121918
100170,31/07/2011,Current,2452.820377
100172,31/07/2011,Current,2422.232271
100204,31/07/2011,Cashsave,6540.909299
100216,31/07/2011,Cashsave,8382.589277
100231,31/07/2011,Current,-5532.437481
100239,31/07/2011,Current,552.6407756
100248,31/07/2011,Cashsave,6054.880824
100253,31/07/2011,Cashsave,808.2088361
100260,31/07/2011,Cashsave,7683.656876
100291,31/07/2011,Current,-1717.077923
100304,31/07/2011,Current,-5391.69382
100307,31/07/2011,Current,-6150.492364
100314,31/07/2011,Current,-2343.582861
100322,31/07/2011,Current,-8.179321254
100324,31/07/2011,Current,-5122.42163
100333,31/07/2011,Current,6716.441196
100336,31/07/2011,Current,7219.324475
100344,31/07/2011,Current,2589.234708
100351,31/07/2011,Current,9483.564331
100398,31/07/2011,Current,9499.176581
100412,31/07/2011,Current,6304.952108
100420,31/07/2011,Cashsave,5530.097709
100424,31/07/2011,Current,-4193.231916
100439,31/07/2011,Cashsave,7355.12238
100440,31/07/2011,Current,-1547.01043
100457,31/07/2011,Current,-9767.230043
100457,31/07/2011,Current,-9915.330187
100463,31/07/2011,Current,7417.348183
100466,31/07/2011,Cashsave,740.3712649
100474,31/07/2011,Current,-9377.129061
100481,31/07/2011,Current,-6738.42747
100481,31/07/2011,Current,-7155.969352
100493,31/07/2011,Current,9957.845517
100502,31/07/2011,Cashsave,2792.446441
100508,31/07/2011,Current,-3289.626025
100511,31/07/2011,Cashsave,4168.258099
100515,31/07/2011,Cashsave,5817.745233
100534,31/07/2011,Current,25.34076649
100541,31/07/2011,Current,-3608.480127
100550,31/07/2011,Current,9818.699811
100565,31/07/2011,Current,2021.646897
100569,31/07/2011,Current,-3886.052012
100574,31/07/2011,Cashsave,2461.783498
100590,31/07/2011,Cashsave,9756.516205
100621,31/07/2011,Current,8861.728301
100624,31/07/2011,Current,5109.35852
100624,31/07/2011,Current,1756.090813
100626,31/07/2011,Cashsave,6174.199826
100629,31/07/2011,Current,-2836.212549
100645,31/07/2011,Current,660.5621527
100649,31/07/2011,Current,-272.7811939
100652,31/07/2011,Current,5927.601458
100673,31/07/2011,Current,425.757299
100677,31/07/2011,Current,-5936.404646
100698,31/07/2011,Current,937.807339
100709,31/07/2011,Current,3620.926054
100719,31/07/2011,Cashsave,415.9185121
100728,31/07/2011,Current,797.4920941
100729,31/07/2011,Current,-2141.08464
100734,31/07/2011,Current,3506.892061
100759,31/07/2011,Current,9078.098409
100764,31/07/2011,Current,53.71286576
100769,31/07/2011,Current,-8758.535785
100779,31/07/2011,Current,-5895.765668
100790,31/07/2011,Cashsave,2720.852579
100793,31/07/2011,Current,-5963.278096
100819,31/07/2011,Current,6723.709453
100832,31/07/2011,Current,-7643.235123
100846,31/07/2011,Current,7388.48431
100854,31/07/2011,Cashsave,4961.335168
100898,31/07/2011,Current,4456.957597
100905,31/07/2011,Current,-2691.323009
100909,31/07/2011,Current,5437.530067
100916,31/07/2011,Cashsave,6612.528559
100946,31/07/2011,Current,-8808.174251
100959,31/07/2011,Current,7999.265241
100960,31/07/2011,Current,5341.046775
100969,31/07/2011,Cashsave,5072.779262
100971,31/07/2011,Current,-795.6684899
100972,31/07/2011,Current,3898.366439
100990,31/07/2011,Cashsave,3890.670409
100996,31/07/2011,Current,6950.803741
100000,31/08/2011,Current,-6013.673849
100014,31/08/2011,Current,-2079.79795
100022,31/08/2011,Current,-164.7271591
100026,31/08/2011,Cashsave,1298.509095
100026,31/08/2011,Cashsave,6488.06799
100038,31/08/2011,Current,7581.356104
100044,31/08/2011,Current,9693.623166
100074,31/08/2011,Current,2668.541308
100082,31/08/2011,Current,-6459.806
100083,31/08/2011,Current,7094.206536
100105,31/08/2011,Cashsave,5022.664172
100108,31/08/2011,Cashsave,6272.088132
100127,31/08/2011,Current,-1649.713786
100146,31/08/2011,Current,-2737.570987
100149,31/08/2011,Cashsave,6077.33673
100160,31/08/2011,Cashsave,5792.841738
100162,31/08/2011,Cashsave,3725.904705
100167,31/08/2011,Current,-5599.377752
100170,31/08/2011,Current,6584.7505
100172,31/08/2011,Current,-3667.345481
100204,31/08/2011,Cashsave,8060.343591
100216,31/08/2011,Cashsave,1421.340179
100231,31/08/2011,Current,7940.498788
100239,31/08/2011,Current,5141.483532
100248,31/08/2011,Cashsave,4893.312417
100253,31/08/2011,Cashsave,7376.489047
100260,31/08/2011,Cashsave,3548.260912
100291,31/08/2011,Current,8615.179409
100304,31/08/2011,Current,-3723.19677
100307,31/08/2011,Current,-6968.848812
100314,31/08/2011,Current,-563.6587791
100322,31/08/2011,Current,-7221.632584
100324,31/08/2011,Current,-9708.667533
100333,31/08/2011,Current,8169.002691
100336,31/08/2011,Current,-3373.502391
100344,31/08/2011,Current,9424.725671
100351,31/08/2011,Current,-7062.687015
100398,31/08/2011,Current,327.717449
100412,31/08/2011,Current,-1989.670026
100420,31/08/2011,Cashsave,9141.405889
100424,31/08/2011,Current,5205.525717
100439,31/08/2011,Cashsave,285.9805061
100440,31/08/2011,Current,-8449.097279
100457,31/08/2011,Current,-1590.126702
100457,31/08/2011,Current,997.9982104
100463,31/08/2011,Current,-8428.946682
100466,31/08/2011,Cashsave,8267.148032
100474,31/08/2011,Current,7776.423495
100481,31/08/2011,Current,-8885.092154
100481,31/08/2011,Current,-6393.177771
100493,31/08/2011,Current,7662.964017
100502,31/08/2011,Cashsave,2677.703827
100508,31/08/2011,Current,-3819.91892
100511,31/08/2011,Cashsave,64.83299773
100515,31/08/2011,Cashsave,6620.643738
100534,31/08/2011,Current,161.9476935
100541,31/08/2011,Current,3718.850063
100550,31/08/2011,Current,8293.410175
100565,31/08/2011,Current,-7240.4848
100569,31/08/2011,Current,-422.1787673
100574,31/08/2011,Cashsave,6223.544152
100590,31/08/2011,Cashsave,3451.916806
100621,31/08/2011,Current,-6447.535338
100624,31/08/2011,Current,4941.06211
100624,31/08/2011,Current,-218.3912574
100626,31/08/2011,Cashsave,5001.319267
100629,31/08/2011,Current,1136.313867
100645,31/08/2011,Current,-7044.971359
100649,31/08/2011,Current,165.8539303
100652,31/08/2011,Current,-1421.28902
100673,31/08/2011,Current,-7677.201844
100677,31/08/2011,Current,-3626.495477
100698,31/08/2011,Current,2275.034541
100709,31/08/2011,Current,7876.895903
100719,31/08/2011,Cashsave,6495.612558
100728,31/08/2011,Current,5343.759449
100729,31/08/2011,Current,-1071.201848
100734,31/08/2011,Current,-4078.016555
100759,31/08/2011,Current,-8758.642228
100764,31/08/2011,Current,-7525.253314
100769,31/08/2011,Current,-5816.236928
100779,31/08/2011,Current,-7160.751284
100790,31/08/2011,Cashsave,4390.377775
100793,31/08/2011,Current,-7122.368012
100819,31/08/2011,Current,-1998.372578
100832,31/08/2011,Current,-1032.045124
100846,31/08/2011,Current,3107.017994
100854,31/08/2011,Cashsave,7169.812839
100898,31/08/2011,Current,-7586.248356
100905,31/08/2011,Current,6086.305099
100909,31/08/2011,Current,6896.873007
100916,31/08/2011,Cashsave,473.7584124
100946,31/08/2011,Current,6783.450581
100959,31/08/2011,Current,-7131.044018
100960,31/08/2011,Current,3319.523207
100969,31/08/2011,Cashsave,5321.548646
100971,31/08/2011,Current,1235.908702
100972,31/08/2011,Current,-4009.972715
100990,31/08/2011,Cashsave,3514.966947
100996,31/08/2011,Current,9907.694234
100000,30/09/2011,Current,6962.4518
100014,30/09/2011,Current,-8627.940001
100022,30/09/2011,Current,-9475.96471
100026,30/09/2011,Cashsave,9117.255178
100026,30/09/2011,Cashsave,9199.999684
100038,30/09/2011,Current,1802.124127
100044,30/09/2011,Current,2315.251178
100074,30/09/2011,Current,-5711.319411
100082,30/09/2011,Current,6952.674332
100083,30/09/2011,Current,2214.14492
100105,30/09/2011,Cashsave,5676.553002
100108,30/09/2011,Cashsave,620.7969724
100127,30/09/2011,Current,-9670.737523
100146,30/09/2011,Current,-5324.191961
100149,30/09/2011,Cashsave,617.2631496
100160,30/09/2011,Cashsave,3032.059091
100162,30/09/2011,Cashsave,2814.741511
100167,30/09/2011,Current,4590.304761
100170,30/09/2011,Current,-9712.617849
100172,30/09/2011,Current,-3708.320223
100204,30/09/2011,Cashsave,1329.20568
100216,30/09/2011,Cashsave,8500.639985
100231,30/09/2011,Current,-1849.125802
100239,30/09/2011,Current,1600.052265
100248,30/09/2011,Cashsave,7782.067411
100253,30/09/2011,Cashsave,6000.994975
100260,30/09/2011,Cashsave,6291.738552
100291,30/09/2011,Current,-9446.72468
100304,30/09/2011,Current,1220.767439
100307,30/09/2011,Current,-5042.688963
100314,30/09/2011,Current,-5752.240638
100322,30/09/2011,Current,-7801.02454
100324,30/09/2011,Current,9424.974117
100333,30/09/2011,Current,4769.292088
100336,30/09/2011,Current,-5068.536948
100344,30/09/2011,Current,-6416.775836
100351,30/09/2011,Current,-4802.325656
100398,30/09/2011,Current,-6541.200506
100412,30/09/2011,Current,-4722.891103
100420,30/09/2011,Cashsave,373.4137373
100424,30/09/2011,Current,-8222.773971
100439,30/09/2011,Cashsave,2430.057369
100440,30/09/2011,Current,7126.851643
100457,30/09/2011,Current,-6803.222955
100457,30/09/2011,Current,-8809.170672
100463,30/09/2011,Current,9342.078551
100466,30/09/2011,Cashsave,6287.940091
100474,30/09/2011,Current,8162.137992
100481,30/09/2011,Current,8206.711471
100481,30/09/2011,Current,-5961.661785
100493,30/09/2011,Current,3535.850924
100502,30/09/2011,Cashsave,1179.130158
100508,30/09/2011,Current,-1159.107089
100511,30/09/2011,Cashsave,6202.374349
100515,30/09/2011,Cashsave,8783.187728
100534,30/09/2011,Current,1850.361124
100541,30/09/2011,Current,-7186.912459
100550,30/09/2011,Current,-6002.820145
100565,30/09/2011,Current,3325.841055
100569,30/09/2011,Current,8688.754229
100574,30/09/2011,Cashsave,278.525451
100590,30/09/2011,Cashsave,6015.281475
100621,30/09/2011,Current,-326.5133099
100624,30/09/2011,Current,-6836.862088
100624,30/09/2011,Current,-6208.191476
100626,30/09/2011,Cashsave,1603.899178
100629,30/09/2011,Current,4642.478077
100645,30/09/2011,Current,1088.931169
100649,30/09/2011,Current,6066.698685
100652,30/09/2011,Current,793.5882743
100673,30/09/2011,Current,-8623.535007
100677,30/09/2011,Current,4203.511435
100698,30/09/2011,Current,8685.401811
100709,30/09/2011,Current,-126.6331983
100719,30/09/2011,Cashsave,8920.396912
100728,30/09/2011,Current,1835.857762
100729,30/09/2011,Current,5974.145249
100734,30/09/2011,Current,-2483.664933
100759,30/09/2011,Current,4370.780803
100764,30/09/2011,Current,2299.865518
100769,30/09/2011,Current,8724.945837
100779,30/09/2011,Current,-2031.553106
100790,30/09/2011,Cashsave,5331.44178
100793,30/09/2011,Current,4883.599823
100819,30/09/2011,Current,-4331.680811
100832,30/09/2011,Current,1306.042256
100846,30/09/2011,Current,7630.885779
100854,30/09/2011,Cashsave,9847.338583
100898,30/09/2011,Current,-1104.668826
100905,30/09/2011,Current,4292.960549
100909,30/09/2011,Current,1520.239609
100916,30/09/2011,Cashsave,1476.260813
100946,30/09/2011,Current,-1492.940563
100959,30/09/2011,Current,-6459.812379
100960,30/09/2011,Current,-5300.023243
100969,30/09/2011,Cashsave,7162.42117
100971,30/09/2011,Current,5019.985493
100972,30/09/2011,Current,-3121.141913
100990,30/09/2011,Cashsave,1433.344442
100996,30/09/2011,Current,-4626.905423
100000,31/10/2011,Current,-2365.014983
100014,31/10/2011,Current,-1891.674413
100022,31/10/2011,Current,1596.422114
100026,31/10/2011,Cashsave,1315.808296
100026,31/10/2011,Cashsave,7005.825087
100038,31/10/2011,Current,-4132.100902
100044,31/10/2011,Current,-3002.140329
100074,31/10/2011,Current,-2631.728417
100082,31/10/2011,Current,5315.918398
100083,31/10/2011,Current,-310.1835568
100105,31/10/2011,Cashsave,5277.378498
100108,31/10/2011,Cashsave,24.50508484
100127,31/10/2011,Current,3171.981386
100146,31/10/2011,Current,-4913.407916
100149,31/10/2011,Cashsave,8599.533829
100160,31/10/2011,Cashsave,2593.214689
100162,31/10/2011,Cashsave,2511.782197
100167,31/10/2011,Current,-6763.35875
100170,31/10/2011,Current,181.8340986
100172,31/10/2011,Current,-6169.835899
100204,31/10/2011,Cashsave,929.8604685
100216,31/10/2011,Cashsave,4270.251335
100231,31/10/2011,Current,4061.158353
100239,31/10/2011,Current,9829.931547
100248,31/10/2011,Cashsave,360.5543253
100253,31/10/2011,Cashsave,7452.311731
100260,31/10/2011,Cashsave,4583.347075
100291,31/10/2011,Current,1047.658647
100304,31/10/2011,Current,2226.34907
100307,31/10/2011,Current,1804.083514
100314,31/10/2011,Current,9721.533348
100322,31/10/2011,Current,-1123.777898
100324,31/10/2011,Current,-8155.086572
100333,31/10/2011,Current,2648.58942
100336,31/10/2011,Current,1333.356436
100344,31/10/2011,Current,-5975.130752
100351,31/10/2011,Current,8606.968813
100398,31/10/2011,Current,2803.961892
100412,31/10/2011,Current,-9852.502027
100420,31/10/2011,Cashsave,1269.988943
100424,31/10/2011,Current,5740.667332
100439,31/10/2011,Cashsave,5124.574308
100440,31/10/2011,Current,8407.492597
100457,31/10/2011,Current,-5966.891996
100457,31/10/2011,Current,5275.854603
100463,31/10/2011,Current,6849.304704
100466,31/10/2011,Cashsave,8358.815338
100474,31/10/2011,Current,-6844.094608
100481,31/10/2011,Current,1188.901706
100481,31/10/2011,Current,7280.505895
100493,31/10/2011,Current,2303.93646
100502,31/10/2011,Cashsave,230.0439479
100508,31/10/2011,Current,-4445.61248
100511,31/10/2011,Cashsave,821.346899
100515,31/10/2011,Cashsave,4205.298252
100534,31/10/2011,Current,-1037.741353
100541,31/10/2011,Current,8411.974861
100550,31/10/2011,Current,-1208.841092
100565,31/10/2011,Current,5340.051658
100569,31/10/2011,Current,-5437.476238
100574,31/10/2011,Cashsave,5267.169594
100590,31/10/2011,Cashsave,7837.190146
100621,31/10/2011,Current,-4700.371761
100624,31/10/2011,Current,-2126.150528
100624,31/10/2011,Current,-7399.491379
100626,31/10/2011,Cashsave,5380.271452
100629,31/10/2011,Current,8403.338805
100645,31/10/2011,Current,4965.077897
100649,31/10/2011,Current,-8432.999079
100652,31/10/2011,Current,-2475.111628
100673,31/10/2011,Current,9432.635776
100677,31/10/2011,Current,8663.126036
100698,31/10/2011,Current,7854.92309
100709,31/10/2011,Current,-5344.416578
100719,31/10/2011,Cashsave,9911.702359
100728,31/10/2011,Current,5152.660778
100729,31/10/2011,Current,582.3270037
100734,31/10/2011,Current,5915.943911
100759,31/10/2011,Current,3860.730609
100764,31/10/2011,Current,8309.697859
100769,31/10/2011,Current,4062.514345
100779,31/10/2011,Current,-1741.12963
100790,31/10/2011,Cashsave,8104.998044
100793,31/10/2011,Current,4959.38251
100819,31/10/2011,Current,-506.8487219
100832,31/10/2011,Current,3707.825489
100846,31/10/2011,Current,2510.765915
100854,31/10/2011,Cashsave,7102.410506
100898,31/10/2011,Current,-7247.562736
100905,31/10/2011,Current,-2849.562771
100909,31/10/2011,Current,4997.672186
100916,31/10/2011,Cashsave,6496.479288
100946,31/10/2011,Current,9467.8974
100959,31/10/2011,Current,7791.540694
100960,31/10/2011,Current,9611.609051
100969,31/10/2011,Cashsave,9602.203207
100971,31/10/2011,Current,-7295.55529
100972,31/10/2011,Current,2280.30878
100990,31/10/2011,Cashsave,2547.626008
100996,31/10/2011,Current,2834.2349
100000,30/11/2011,Current,1961.290946
100014,30/11/2011,Current,-5765.876799
100022,30/11/2011,Current,7315.614157
100026,30/11/2011,Cashsave,9133.340334
100026,30/11/2011,Cashsave,4698.209829
100038,30/11/2011,Current,8326.414711
100044,30/11/2011,Current,8751.267588
100074,30/11/2011,Current,4536.037024
100082,30/11/2011,Current,-7760.808278
100083,30/11/2011,Current,8689.19538
100105,30/11/2011,Cashsave,7671.473335
100108,30/11/2011,Cashsave,9352.800189
100127,30/11/2011,Current,-6314.913058
100146,30/11/2011,Current,5289.314148
100149,30/11/2011,Cashsave,7584.680695
100160,30/11/2011,Cashsave,3189.176705
100162,30/11/2011,Cashsave,4736.797763
100167,30/11/2011,Current,9653.057051
100170,30/11/2011,Current,-7272.808481
100172,30/11/2011,Current,2977.125372
100204,30/11/2011,Cashsave,3514.960496
100216,30/11/2011,Cashsave,1760.524082
100231,30/11/2011,Current,-4720.157533
100239,30/11/2011,Current,2411.497603
100248,30/11/2011,Cashsave,820.7646501
100253,30/11/2011,Cashsave,8001.951962
100260,30/11/2011,Cashsave,8153.167547
100291,30/11/2011,Current,1649.70145
100304,30/11/2011,Current,4996.404391
100307,30/11/2011,Current,4325.782618
100314,30/11/2011,Current,9412.507469
100322,30/11/2011,Current,2205.607262
100324,30/11/2011,Current,-9149.525574
100333,30/11/2011,Current,143.3439863
100336,30/11/2011,Current,8503.642123
100344,30/11/2011,Current,-3648.071403
100351,30/11/2011,Current,-6015.642822
100398,30/11/2011,Current,-3045.824471
100412,30/11/2011,Current,-1581.585486
100420,30/11/2011,Cashsave,2682.286157
100424,30/11/2011,Current,9233.609208
100439,30/11/2011,Cashsave,9818.488299
100440,30/11/2011,Current,7623.039355
100457,30/11/2011,Current,1635.613559
100457,30/11/2011,Current,-188.610504
100463,30/11/2011,Current,-7969.473257
100466,30/11/2011,Cashsave,3837.705035
100474,30/11/2011,Current,-4939.816346
100481,30/11/2011,Current,9240.845641
100481,30/11/2011,Current,-8322.730987
100493,30/11/2011,Current,-3325.510323
100502,30/11/2011,Cashsave,2406.066846
100508,30/11/2011,Current,8601.335962
100511,30/11/2011,Cashsave,1850.386993
100515,30/11/2011,Cashsave,4626.785647
100534,30/11/2011,Current,8508.444755
100541,30/11/2011,Current,7879.970284
100550,30/11/2011,Current,4238.790654
100565,30/11/2011,Current,8641.948552
100569,30/11/2011,Current,3576.904028
100574,30/11/2011,Cashsave,9225.291236
100590,30/11/2011,Cashsave,4224.77903
100621,30/11/2011,Current,-4578.950275
100624,30/11/2011,Current,-8930.113949
100624,30/11/2011,Current,-546.4260817
100626,30/11/2011,Cashsave,90.32739078
100629,30/11/2011,Current,-4600.552026
100645,30/11/2011,Current,2134.415071
100649,30/11/2011,Current,163.7658304
100652,30/11/2011,Current,-5307.563075
100673,30/11/2011,Current,5739.680466
100677,30/11/2011,Current,-9395.366785
100698,30/11/2011,Current,7199.919794
100709,30/11/2011,Current,2363.600294
100719,30/11/2011,Cashsave,8515.376534
100728,30/11/2011,Current,-8413.015747
100729,30/11/2011,Current,9507.952125
100734,30/11/2011,Current,-7342.742097
100759,30/11/2011,Current,-2262.09027
100764,30/11/2011,Current,-9202.527203
100769,30/11/2011,Current,654.0464329
100779,30/11/2011,Current,6042.996003
100790,30/11/2011,Cashsave,9256.182827
100793,30/11/2011,Current,9466.198017
100819,30/11/2011,Current,-8135.790065
100832,30/11/2011,Current,-1454.020066
100846,30/11/2011,Current,4951.894635
100854,30/11/2011,Cashsave,8262.059562
100898,30/11/2011,Current,4461.758191
100905,30/11/2011,Current,7617.063656
100909,30/11/2011,Current,1058.238752
100916,30/11/2011,Cashsave,2191.662057
100946,30/11/2011,Current,4152.526177
100959,30/11/2011,Current,-2142.121901
100960,30/11/2011,Current,9859.047639
100969,30/11/2011,Cashsave,9311.408508
100971,30/11/2011,Current,-1584.760143
100972,30/11/2011,Current,9957.722609
100990,30/11/2011,Cashsave,3438.231201
100996,30/11/2011,Current,-5710.085871
100000,31/12/2011,Current,4204.836664
100014,31/12/2011,Current,-6103.401905
100022,31/12/2011,Current,5937.53674
100026,31/12/2011,Cashsave,4971.104169
100026,31/12/2011,Cashsave,7896.278953
100038,31/12/2011,Current,-2261.861859
100044,31/12/2011,Current,-2760.589859
100074,31/12/2011,Current,4015.639186
100082,31/12/2011,Current,473.9879753
100083,31/12/2011,Current,-3126.937182
100105,31/12/2011,Cashsave,9165.240659
100108,31/12/2011,Cashsave,4986.434001
100127,31/12/2011,Current,273.391198
100146,31/12/2011,Current,8952.652551
100149,31/12/2011,Cashsave,5722.689074
100160,31/12/2011,Cashsave,3963.282062
100162,31/12/2011,Cashsave,8928.548192
100167,31/12/2011,Current,5884.101811
100170,31/12/2011,Current,5932.233712
100172,31/12/2011,Current,4362.965116
100204,31/12/2011,Cashsave,8177.261753
100216,31/12/2011,Cashsave,787.4626017
100231,31/12/2011,Current,-9531.366947
100239,31/12/2011,Current,2876.14722
100248,31/12/2011,Cashsave,8863.175745
100253,31/12/2011,Cashsave,494.5906572
100260,31/12/2011,Cashsave,1392.486601
100291,31/12/2011,Current,-9482.481192
100304,31/12/2011,Current,969.1192079
100307,31/12/2011,Current,-1847.273998
100314,31/12/2011,Current,8192.836671
100322,31/12/2011,Current,-5756.836051
100324,31/12/2011,Current,646.4427067
100333,31/12/2011,Current,-5625.691212
100336,31/12/2011,Current,3803.141158
100344,31/12/2011,Current,2986.42629
100351,31/12/2011,Current,6103.362595
100398,31/12/2011,Current,-4051.539362
100412,31/12/2011,Current,7018.706362
100420,31/12/2011,Cashsave,1734.850282
100424,31/12/2011,Current,6005.864402
100439,31/12/2011,Cashsave,1834.527706
100440,31/12/2011,Current,4632.32624
100457,31/12/2011,Current,-9718.829521
100457,31/12/2011,Current,3523.98022
100463,31/12/2011,Current,-125.6924713
100466,31/12/2011,Cashsave,1417.360471
100474,31/12/2011,Current,7016.325302
100481,31/12/2011,Current,797.8823109
100481,31/12/2011,Current,-3895.736405
100493,31/12/2011,Current,-4462.945344
100502,31/12/2011,Cashsave,3426.652289
100508,31/12/2011,Current,8077.809655
100511,31/12/2011,Cashsave,3811.251027
100515,31/12/2011,Cashsave,2623.017194
100534,31/12/2011,Current,-7467.434161
100541,31/12/2011,Current,9901.037279
100550,31/12/2011,Current,4124.182854
100565,31/12/2011,Current,5395.642759
100569,31/12/2011,Current,-9115.574158
100574,31/12/2011,Cashsave,468.2484943
100590,31/12/2011,Cashsave,7667.608233
100621,31/12/2011,Current,-818.4275857
100624,31/12/2011,Current,-4905.302088
100624,31/12/2011,Current,2473.202179
100626,31/12/2011,Cashsave,8838.015072
100629,31/12/2011,Current,9087.267397
100645,31/12/2011,Current,5016.354677
100649,31/12/2011,Current,-683.3436447
100652,31/12/2011,Current,8986.239109
100673,31/12/2011,Current,-6470.565933
100677,31/12/2011,Current,2345.486959
100698,31/12/2011,Current,-9975.134051
100709,31/12/2011,Current,-6187.006182
100719,31/12/2011,Cashsave,7513.478614
100728,31/12/2011,Current,-6446.558646
100729,31/12/2011,Current,535.2039338
100734,31/12/2011,Current,8660.112696
100759,31/12/2011,Current,8547.205046
100764,31/12/2011,Current,6099.346923
100769,31/12/2011,Current,-3671.947405
100779,31/12/2011,Current,-9375.261224
100790,31/12/2011,Cashsave,8965.502628
100793,31/12/2011,Current,4900.318567
100819,31/12/2011,Current,6441.881556
100832,31/12/2011,Current,4673.201921
100846,31/12/2011,Current,-9504.877264
100854,31/12/2011,Cashsave,2305.547667
100898,31/12/2011,Current,9382.249922
100905,31/12/2011,Current,-7926.154228
100909,31/12/2011,Current,-4194.933705
100916,31/12/2011,Cashsave,5188.989335
100946,31/12/2011,Current,-7417.799643
100959,31/12/2011,Current,2808.062655
100960,31/12/2011,Current,1323.08489
100969,31/12/2011,Cashsave,6285.774812
100971,31/12/2011,Current,-9506.386253
100972,31/12/2011,Current,5835.014201
100990,31/12/2011,Cashsave,5000.094119
100996,31/12/2011,Current,-8382.46332
100000,31/01/2012,Current,6291.228683
100014,31/01/2012,Current,6944.951585
100022,31/01/2012,Current,7773.524217
100026,31/01/2012,Cashsave,731.2187777
100026,31/01/2012,Cashsave,2971.52908
100038,31/01/2012,Current,-9984.333643
100044,31/01/2012,Current,-9897.963785
100074,31/01/2012,Current,-2114.15761
100082,31/01/2012,Current,9278.956748
100083,31/01/2012,Current,-2451.402405
100105,31/01/2012,Cashsave,9534.409174
100108,31/01/2012,Cashsave,9266.896957
100127,31/01/2012,Current,-9863.603652
100146,31/01/2012,Current,-9573.431924
100149,31/01/2012,Cashsave,1522.817861
100160,31/01/2012,Cashsave,5093.90342
100162,31/01/2012,Cashsave,4094.568
100167,31/01/2012,Current,747.4656178
100170,31/01/2012,Current,-1045.728121
100172,31/01/2012,Current,-7183.950843
100204,31/01/2012,Cashsave,4827.460265
100216,31/01/2012,Cashsave,3803.096893
100231,31/01/2012,Current,-897.9985628
100239,31/01/2012,Current,3894.151285
100248,31/01/2012,Cashsave,2429.024986
100253,31/01/2012,Cashsave,664.6548725
100260,31/01/2012,Cashsave,4899.607366
100291,31/01/2012,Current,-8853.958707
100304,31/01/2012,Current,2162.216904
100307,31/01/2012,Current,-2195.024471
100314,31/01/2012,Current,1611.300129
100322,31/01/2012,Current,-9990.24426
100324,31/01/2012,Current,1628.591485
100333,31/01/2012,Current,7686.76581
100336,31/01/2012,Current,-8224.909015
100344,31/01/2012,Current,-5448.735409
100351,31/01/2012,Current,3759.031945
100398,31/01/2012,Current,5486.641468
100412,31/01/2012,Current,6338.73143
100420,31/01/2012,Cashsave,3884.25035
100424,31/01/2012,Current,-57.95336684
100439,31/01/2012,Cashsave,9864.643377
100440,31/01/2012,Current,-8833.482824
100457,31/01/2012,Current,-5347.889465
100457,31/01/2012,Current,-6240.07067
100463,31/01/2012,Current,-9211.781505
100466,31/01/2012,Cashsave,8397.082828
100474,31/01/2012,Current,9660.147126
100481,31/01/2012,Current,-4061.313918
100481,31/01/2012,Current,1643.565378
100493,31/01/2012,Current,351.74195
100502,31/01/2012,Cashsave,6038.019237
100508,31/01/2012,Current,5780.036922
100511,31/01/2012,Cashsave,3936.017338
100515,31/01/2012,Cashsave,4335.28467
100534,31/01/2012,Current,-3804.490255
100541,31/01/2012,Current,6793.855766
100550,31/01/2012,Current,3868.174869
100565,31/01/2012,Current,6034.979113
100569,31/01/2012,Current,-7566.471595
100574,31/01/2012,Cashsave,2638.492099
100590,31/01/2012,Cashsave,1273.246732
100621,31/01/2012,Current,2753.502456
100624,31/01/2012,Current,-2565.717887
100624,31/01/2012,Current,9461.937431
100626,31/01/2012,Cashsave,1251.823477
100629,31/01/2012,Current,5282.00881
100645,31/01/2012,Current,-1617.724072
100649,31/01/2012,Current,-5586.020873
100652,31/01/2012,Current,6575.171345
100673,31/01/2012,Current,-1899.210738
100677,31/01/2012,Current,-735.5480205
100698,31/01/2012,Current,9906.460146
100709,31/01/2012,Current,-2262.700843
100719,31/01/2012,Cashsave,2475.768973
100728,31/01/2012,Current,8399.56074
100729,31/01/2012,Current,7498.408832
100734,31/01/2012,Current,3369.431388
100759,31/01/2012,Current,-7283.676398
100764,31/01/2012,Current,-9389.019124
100769,31/01/2012,Current,5241.083609
100779,31/01/2012,Current,4870.806231
100790,31/01/2012,Cashsave,9204.180031
100793,31/01/2012,Current,-5318.923958
100819,31/01/2012,Current,3430.022689
100832,31/01/2012,Current,-6893.629137
100846,31/01/2012,Current,-9175.884755
100854,31/01/2012,Cashsave,6852.472514
100898,31/01/2012,Current,-4546.909173
100905,31/01/2012,Current,-5520.381684
100909,31/01/2012,Current,-4753.802454
100916,31/01/2012,Cashsave,7274.240298
100946,31/01/2012,Current,9647.96028
100959,31/01/2012,Current,-9611.228936
100960,31/01/2012,Current,2000.002461
100969,31/01/2012,Cashsave,5885.079251
100971,31/01/2012,Current,-1278.776265
100972,31/01/2012,Current,9778.325178
100990,31/01/2012,Cashsave,5552.697239
100996,31/01/2012,Current,3820.850496
100000,29/02/2012,Current,-7873.361064
100014,29/02/2012,Current,-937.0633171
100022,29/02/2012,Current,-1373.363138
100026,29/02/2012,Cashsave,9980.784085
100026,29/02/2012,Cashsave,9391.544845
100038,29/02/2012,Current,7062.692493
100044,29/02/2012,Current,7002.854509
100074,29/02/2012,Current,2364.659702
100082,29/02/2012,Current,8058.006891
100083,29/02/2012,Current,8846.298003
100105,29/02/2012,Cashsave,246.2680535
100108,29/02/2012,Cashsave,7083.067593
100127,29/02/2012,Current,2071.240744
100146,29/02/2012,Current,-1054.764496
100149,29/02/2012,Cashsave,9717.778782
100160,29/02/2012,Cashsave,9938.489295
100162,29/02/2012,Cashsave,1690.70332
100167,29/02/2012,Current,9155.519516
100170,29/02/2012,Current,5524.109204
100172,29/02/2012,Current,-4426.879437
100204,29/02/2012,Cashsave,2182.134693
100216,29/02/2012,Cashsave,9216.535808
100231,29/02/2012,Current,1466.823406
100239,29/02/2012,Current,-900.9801026
100248,29/02/2012,Cashsave,8010.81479
100253,29/02/2012,Cashsave,3944.221809
100260,29/02/2012,Cashsave,6563.530644
100291,29/02/2012,Current,3603.044109
100304,29/02/2012,Current,-3527.316583
100307,29/02/2012,Current,704.7784254
100314,29/02/2012,Current,-2062.282501
100322,29/02/2012,Current,4916.72248
100324,29/02/2012,Current,6377.415368
100333,29/02/2012,Current,2198.25895
100336,29/02/2012,Current,-7462.320232
100344,29/02/2012,Current,6414.929256
100351,29/02/2012,Current,-5483.216982
100398,29/02/2012,Current,-4817.517535
100412,29/02/2012,Current,9156.006138
100420,29/02/2012,Cashsave,5559.762418
100424,29/02/2012,Current,-4627.869374
100439,29/02/2012,Cashsave,2380.40875
100440,29/02/2012,Current,2428.100346
100457,29/02/2012,Current,-1982.000068
100457,29/02/2012,Current,8014.69589
100463,29/02/2012,Current,4339.281114
100466,29/02/2012,Cashsave,5538.795348
100474,29/02/2012,Current,8318.914994
100481,29/02/2012,Current,-2217.750385
100481,29/02/2012,Current,-2955.370372
100493,29/02/2012,Current,-420.7013606
100502,29/02/2012,Cashsave,1302.343734
100508,29/02/2012,Current,8499.613734
100511,29/02/2012,Cashsave,2979.930813
100515,29/02/2012,Cashsave,584.2609066
100534,29/02/2012,Current,-7795.796846
100541,29/02/2012,Current,5021.408496
100550,29/02/2012,Current,-1893.539451
100565,29/02/2012,Current,1143.352966
100569,29/02/2012,Current,5938.509282
100574,29/02/2012,Cashsave,245.0070314
100590,29/02/2012,Cashsave,9630.301756
100621,29/02/2012,Current,176.416989
100624,29/02/2012,Current,6340.412852
100624,29/02/2012,Current,-875.2383186
100626,29/02/2012,Cashsave,6091.011589
100629,29/02/2012,Current,-6786.331422
100645,29/02/2012,Current,-7531.794228
100649,29/02/2012,Current,3906.638719
100652,29/02/2012,Current,-4730.781704
100673,29/02/2012,Current,3070.315775
100677,29/02/2012,Current,-4506.999665
100698,29/02/2012,Current,1234.406817
100709,29/02/2012,Current,-7175.699972
100719,29/02/2012,Cashsave,9537.5741
100728,29/02/2012,Current,-2633.465498
100729,29/02/2012,Current,-2146.159787
100734,29/02/2012,Current,4259.721916
100759,29/02/2012,Current,9915.904616
100764,29/02/2012,Current,-6412.093349
100769,29/02/2012,Current,3929.810452
100779,29/02/2012,Current,7137.942596
100790,29/02/2012,Cashsave,5452.670024
100793,29/02/2012,Current,-3497.212138
100819,29/02/2012,Current,6571.637762
100832,29/02/2012,Current,-4923.669037
100846,29/02/2012,Current,-7270.535455
100854,29/02/2012,Cashsave,9396.775764
100898,29/02/2012,Current,4786.094489
100905,29/02/2012,Current,-1722.382433
100909,29/02/2012,Current,5407.598876
100916,29/02/2012,Cashsave,6549.864669
100946,29/02/2012,Current,7270.319381
100959,29/02/2012,Current,4344.746756
100960,29/02/2012,Current,-8704.180596
100969,29/02/2012,Cashsave,1746.630683
100971,29/02/2012,Current,-7503.872004
100972,29/02/2012,Current,-6769.115035
100990,29/02/2012,Cashsave,4022.145445
100996,29/02/2012,Current,-7788.785279
100000,31/03/2012,Current,-7429.461719
100014,31/03/2012,Current,-5619.623386
100022,31/03/2012,Current,7022.286743
100026,31/03/2012,Cashsave,1983.643918
100026,31/03/2012,Cashsave,4998.089257
100038,31/03/2012,Current,-9798.855518
100044,31/03/2012,Current,-4880.265712
100074,31/03/2012,Current,5577.291055
100082,31/03/2012,Current,2278.546062
100083,31/03/2012,Current,-2347.666244
100105,31/03/2012,Cashsave,7956.035748
100108,31/03/2012,Cashsave,4259.143323
100127,31/03/2012,Current,-22.39834925
100146,31/03/2012,Current,1133.473329
100149,31/03/2012,Cashsave,536.5803306
100160,31/03/2012,Cashsave,3954.852365
100162,31/03/2012,Cashsave,9830.611093
100167,31/03/2012,Current,9423.624098
100170,31/03/2012,Current,5166.216425
100172,31/03/2012,Current,-9919.423903
100204,31/03/2012,Cashsave,9445.224457
100216,31/03/2012,Cashsave,3847.239734
100231,31/03/2012,Current,9.67266432
100239,31/03/2012,Current,3050.224189
100248,31/03/2012,Cashsave,3142.721593
100253,31/03/2012,Cashsave,6205.266223
100260,31/03/2012,Cashsave,341.4883663
100291,31/03/2012,Current,-1961.536145
100304,31/03/2012,Current,-6829.854356
100307,31/03/2012,Current,-1227.268297
100314,31/03/2012,Current,-5240.231657
100322,31/03/2012,Current,-8312.158669
100324,31/03/2012,Current,2293.23543
100333,31/03/2012,Current,-5675.303151
100336,31/03/2012,Current,-4894.94128
100344,31/03/2012,Current,-7484.249747
100351,31/03/2012,Current,-5959.615218
100398,31/03/2012,Current,-689.0175596
100412,31/03/2012,Current,-609.7078547
100420,31/03/2012,Cashsave,5186.444396
100424,31/03/2012,Current,3893.766042
100439,31/03/2012,Cashsave,110.0107864
100440,31/03/2012,Current,-3224.213153
100457,31/03/2012,Current,-1912.131347
100457,31/03/2012,Current,-5884.225388
100463,31/03/2012,Current,-3654.251598
100466,31/03/2012,Cashsave,3741.577736
100474,31/03/2012,Current,-1525.844784
100481,31/03/2012,Current,7535.486615
100481,31/03/2012,Current,5442.814793
100493,31/03/2012,Current,8238.631671
100502,31/03/2012,Cashsave,8043.880504
100508,31/03/2012,Current,1929.582201
100511,31/03/2012,Cashsave,171.0329153
100515,31/03/2012,Cashsave,6739.257857
100534,31/03/2012,Current,7883.304432
100541,31/03/2012,Current,-4410.043806
100550,31/03/2012,Current,-6031.54691
100565,31/03/2012,Current,1062.329594
100569,31/03/2012,Current,7879.070525
100574,31/03/2012,Cashsave,8243.335347
100590,31/03/2012,Cashsave,4561.715135
100621,31/03/2012,Current,9660.337419
100624,31/03/2012,Current,-9936.223456
100624,31/03/2012,Current,4621.766108
100626,31/03/2012,Cashsave,118.2082893
100629,31/03/2012,Current,1880.304884
100645,31/03/2012,Current,-371.1338072
100649,31/03/2012,Current,9646.388081
100652,31/03/2012,Current,-2978.131678
100673,31/03/2012,Current,5325.591255
100677,31/03/2012,Current,3727.038725
100698,31/03/2012,Current,212.7770312
100709,31/03/2012,Current,7781.658484
100719,31/03/2012,Cashsave,3313.794772
100728,31/03/2012,Current,-3453.887359
100729,31/03/2012,Current,-8483.662337
100734,31/03/2012,Current,-1589.945483
100759,31/03/2012,Current,-2144.594002
100764,31/03/2012,Current,-7393.413544
100769,31/03/2012,Current,-3859.377947
100779,31/03/2012,Current,-113.4415691
100790,31/03/2012,Cashsave,9035.951592
100793,31/03/2012,Current,8514.542114
100819,31/03/2012,Current,-2490.055177
100832,31/03/2012,Current,-9479.98597
100846,31/03/2012,Current,8975.671724
100854,31/03/2012,Cashsave,3221.514257
100898,31/03/2012,Current,6741.257985
100905,31/03/2012,Current,-7128.106073
100909,31/03/2012,Current,-8797.268448
100916,31/03/2012,Cashsave,1854.816364
100946,31/03/2012,Current,-5243.482205
100959,31/03/2012,Current,756.1289018
100960,31/03/2012,Current,6797.68826
100969,31/03/2012,Cashsave,6223.347813
100971,31/03/2012,Current,-3289.909748
100972,31/03/2012,Current,-337.8928982
100990,31/03/2012,Cashsave,8265.023435
100996,31/03/2012,Current,1540.345994
100000,30/04/2012,Current,-8654.729142
100014,30/04/2012,Current,7637.797506
100022,30/04/2012,Current,-4459.424677
100026,30/04/2012,Cashsave,9811.957693
100026,30/04/2012,Cashsave,4884.160288
100038,30/04/2012,Current,-531.8981983
100044,30/04/2012,Current,4084.34361
100074,30/04/2012,Current,1175.533538
100082,30/04/2012,Current,-5970.634699
100083,30/04/2012,Current,-1412.458132
100105,30/04/2012,Cashsave,9132.895886
100108,30/04/2012,Cashsave,7437.809932
100127,30/04/2012,Current,2540.754988
100146,30/04/2012,Current,-8044.196981
100149,30/04/2012,Cashsave,2211.567072
100160,30/04/2012,Cashsave,3224.360212
100162,30/04/2012,Cashsave,853.2663797
100167,30/04/2012,Current,-6642.110215
100170,30/04/2012,Current,8793.967356
100172,30/04/2012,Current,3768.640722
100204,30/04/2012,Cashsave,7989.53107
100216,30/04/2012,Cashsave,928.837483
100231,30/04/2012,Current,-3205.950285
100239,30/04/2012,Current,-1436.667345
100248,30/04/2012,Cashsave,2597.290952
100253,30/04/2012,Cashsave,6505.339574
100260,30/04/2012,Cashsave,371.6926426
100291,30/04/2012,Current,1816.198311
100304,30/04/2012,Current,-8292.071829
100307,30/04/2012,Current,-4776.84423
100314,30/04/2012,Current,9157.689396
100322,30/04/2012,Current,-5448.09497
100324,30/04/2012,Current,4290.240842
100333,30/04/2012,Current,-4397.002856
100336,30/04/2012,Current,2854.055914
100344,30/04/2012,Current,-4769.801218
100351,30/04/2012,Current,-2510.490086
100398,30/04/2012,Current,-6605.994767
100412,30/04/2012,Current,4085.651674
100420,30/04/2012,Cashsave,1425.335241
100424,30/04/2012,Current,-2038.531344
100439,30/04/2012,Cashsave,9226.430033
100440,30/04/2012,Current,8949.236965
100457,30/04/2012,Current,-7688.240943
100457,30/04/2012,Current,780.4544307
100463,30/04/2012,Current,-9082.506795
100466,30/04/2012,Cashsave,893.5863481
100474,30/04/2012,Current,4455.079917
100481,30/04/2012,Current,-506.0423748
100481,30/04/2012,Current,-1889.999756
100493,30/04/2012,Current,1114.823321
100502,30/04/2012,Cashsave,6945.649311
100508,30/04/2012,Current,3298.922701
100511,30/04/2012,Cashsave,4275.659614
100515,30/04/2012,Cashsave,2597.563551
100534,30/04/2012,Current,-9334.71611
100541,30/04/2012,Current,-8926.792695
100550,30/04/2012,Current,1151.39066
100565,30/04/2012,Current,-776.4519903
100569,30/04/2012,Current,-2122.444705
100574,30/04/2012,Cashsave,3782.639422
100590,30/04/2012,Cashsave,3963.429851
100621,30/04/2012,Current,-8787.707307
100624,30/04/2012,Current,6439.267224
100624,30/04/2012,Current,7155.683528
100626,30/04/2012,Cashsave,1064.016804
100629,30/04/2012,Current,-8555.71938
100645,30/04/2012,Current,681.7709185
100649,30/04/2012,Current,8540.563501
100652,30/04/2012,Current,-2953.257085
100673,30/04/2012,Current,-2162.253691
100677,30/04/2012,Current,-6089.931124
100698,30/04/2012,Current,-8738.946154
100709,30/04/2012,Current,1659.422911
100719,30/04/2012,Cashsave,95.93968351
100728,30/04/2012,Current,-3649.404823
100729,30/04/2012,Current,-4802.637809
100734,30/04/2012,Current,-4981.818742
100759,30/04/2012,Current,-3927.743734
100764,30/04/2012,Current,1291.279571
100769,30/04/2012,Current,-2926.724951
100779,30/04/2012,Current,4313.536467
100790,30/04/2012,Cashsave,4245.929005
100793,30/04/2012,Current,-827.8036648
100819,30/04/2012,Current,6212.062772
100832,30/04/2012,Current,-6287.034915
100846,30/04/2012,Current,1778.698837
100854,30/04/2012,Cashsave,2756.849428
100898,30/04/2012,Current,-4779.046012
100905,30/04/2012,Current,2309.078213
100909,30/04/2012,Current,9158.816546
100916,30/04/2012,Cashsave,3614.191488
100946,30/04/2012,Current,279.9379262
100959,30/04/2012,Current,1646.580748
100960,30/04/2012,Current,4712.571911
100969,30/04/2012,Cashsave,2593.405029
100971,30/04/2012,Current,9093.15556
100972,30/04/2012,Current,-2199.441105
100990,30/04/2012,Cashsave,1926.430419
100996,30/04/2012,Current,5522.485522
100000,31/05/2012,Current,1979.228165
100014,31/05/2012,Current,-1655.081503
100022,31/05/2012,Current,4369.343652
100026,31/05/2012,Cashsave,4535.665293
100026,31/05/2012,Cashsave,4199.326114
100038,31/05/2012,Current,8660.060805
100044,31/05/2012,Current,-5242.360765
100074,31/05/2012,Current,-3277.697982
100082,31/05/2012,Current,1043.716324
100083,31/05/2012,Current,-3260.947352
100105,31/05/2012,Cashsave,4184.417906
100108,31/05/2012,Cashsave,8440.654911
100127,31/05/2012,Current,-4004.668731
100146,31/05/2012,Current,1621.155735
100149,31/05/2012,Cashsave,4018.607265
100160,31/05/2012,Cashsave,2290.325342
100162,31/05/2012,Cashsave,6002.569284
100167,31/05/2012,Current,-7899.126087
100170,31/05/2012,Current,1548.716409
100172,31/05/2012,Current,9965.68264
100204,31/05/2012,Cashsave,9506.40533
100216,31/05/2012,Cashsave,2700.362181
100231,31/05/2012,Current,-1189.579624
100239,31/05/2012,Current,-6667.312494
100248,31/05/2012,Cashsave,610.1228052
100253,31/05/2012,Cashsave,7133.60777
100260,31/05/2012,Cashsave,827.9571562
100291,31/05/2012,Current,-7998.294224
100304,31/05/2012,Current,-5335.033664
100307,31/05/2012,Current,835.2813244
100314,31/05/2012,Current,7499.355963
100322,31/05/2012,Current,9129.082326
100324,31/05/2012,Current,-1566.892065
100333,31/05/2012,Current,8193.017307
100336,31/05/2012,Current,4056.620223
100344,31/05/2012,Current,3282.831685
100351,31/05/2012,Current,-8552.020701
100398,31/05/2012,Current,869.1168088
100412,31/05/2012,Current,-7280.292013
100420,31/05/2012,Cashsave,4421.212423
100424,31/05/2012,Current,5989.873997
100439,31/05/2012,Cashsave,7445.944778
100440,31/05/2012,Current,-8425.045543
100457,31/05/2012,Current,-3817.176221
100457,31/05/2012,Current,-4753.64374
100463,31/05/2012,Current,2311.807945
100466,31/05/2012,Cashsave,7974.541478
100474,31/05/2012,Current,7750.210477
100481,31/05/2012,Current,4004.465215
100481,31/05/2012,Current,-8096.104526
100493,31/05/2012,Current,5209.585544
100502,31/05/2012,Cashsave,772.2603729
100508,31/05/2012,Current,-1649.348194
100511,31/05/2012,Cashsave,5189.320982
100515,31/05/2012,Cashsave,9690.389911
100534,31/05/2012,Current,3613.146543
100541,31/05/2012,Current,-3558.328746
100550,31/05/2012,Current,-8857.334427
100565,31/05/2012,Current,-5596.19674
100569,31/05/2012,Current,1162.323884
100574,31/05/2012,Cashsave,4380.413652
100590,31/05/2012,Cashsave,6076.578785
100621,31/05/2012,Current,-7326.745851
100624,31/05/2012,Current,2721.417435
100624,31/05/2012,Current,-3688.341747
100626,31/05/2012,Cashsave,1320.801435
100629,31/05/2012,Current,5101.107645
100645,31/05/2012,Current,5487.911562
100649,31/05/2012,Current,7388.969247
100652,31/05/2012,Current,9740.861884
100673,31/05/2012,Current,7891.113575
100677,31/05/2012,Current,-3871.816662
100698,31/05/2012,Current,9128.50963
100709,31/05/2012,Current,9753.093326
100719,31/05/2012,Cashsave,3659.600828
100728,31/05/2012,Current,-776.2201752
100729,31/05/2012,Current,-1344.657434
100734,31/05/2012,Current,5916.469817
100759,31/05/2012,Current,-978.9024777
100764,31/05/2012,Current,5365.04711
100769,31/05/2012,Current,9849.876729
100779,31/05/2012,Current,375.470479
100790,31/05/2012,Cashsave,3974.884336
100793,31/05/2012,Current,214.8947668
100819,31/05/2012,Current,-5301.453712
100832,31/05/2012,Current,-8494.357866
100846,31/05/2012,Current,-8219.972727
100854,31/05/2012,Cashsave,6241.37456
100898,31/05/2012,Current,-3013.372079
100905,31/05/2012,Current,5902.77435
100909,31/05/2012,Current,4662.596386
100916,31/05/2012,Cashsave,3478.76941
100946,31/05/2012,Current,899.0860139
100959,31/05/2012,Current,9660.308265
100960,31/05/2012,Current,-4315.84501
100969,31/05/2012,Cashsave,6825.437778
100971,31/05/2012,Current,688.9991081
100972,31/05/2012,Current,-8194.430421
100990,31/05/2012,Cashsave,194.2724832
100996,31/05/2012,Current,3898.843571
100022,30/06/2012,Current,-5947.284502
100026,30/06/2012,Cashsave,2631.26019
100026,30/06/2012,Cashsave,7395.948001
100038,30/06/2012,Current,1458.947545
100044,30/06/2012,Current,-74.33117655
100074,30/06/2012,Current,-9121.039693
100082,30/06/2012,Current,-1378.687512
100083,30/06/2012,Current,-6667.420598
100105,30/06/2012,Cashsave,107.6426365
100108,30/06/2012,Cashsave,6922.474423
100127,30/06/2012,Current,-4386.069432
100146,30/06/2012,Current,6671.691865
100149,30/06/2012,Cashsave,9268.882253
100160,30/06/2012,Cashsave,6390.60573
100162,30/06/2012,Cashsave,3381.651767
100167,30/06/2012,Current,-846.9627785
100170,30/06/2012,Current,7643.836287
100172,30/06/2012,Current,-3925.667714
100204,30/06/2012,Cashsave,253.7969413
100216,30/06/2012,Cashsave,4455.007413
100231,30/06/2012,Current,-1200.09597
100239,30/06/2012,Current,905.5906272
100248,30/06/2012,Cashsave,8684.809529
100253,30/06/2012,Cashsave,8676.297909
100260,30/06/2012,Cashsave,1874.899923
100291,30/06/2012,Current,3180.893377
100304,30/06/2012,Current,-7570.462511
100307,30/06/2012,Current,6074.986607
100314,30/06/2012,Current,-5018.341118
100322,30/06/2012,Current,2539.760024
100324,30/06/2012,Current,-4817.165816
100333,30/06/2012,Current,8961.453222
100336,30/06/2012,Current,1185.425066
100344,30/06/2012,Current,-3931.361948
100351,30/06/2012,Current,2311.548608
100398,30/06/2012,Current,3660.40881
100412,30/06/2012,Current,4178.13635
100420,30/06/2012,Cashsave,9368.61313
100424,30/06/2012,Current,3856.881151
100439,30/06/2012,Cashsave,7562.728189
100440,30/06/2012,Current,-9069.915945
100457,30/06/2012,Current,-3962.279489
100457,30/06/2012,Current,-2446.042054
100463,30/06/2012,Current,-5875.744838
100466,30/06/2012,Cashsave,6824.221171
100474,30/06/2012,Current,2969.007078
100481,30/06/2012,Current,3689.651792
100481,30/06/2012,Current,-2242.898199
100493,30/06/2012,Current,-3275.356241
100502,30/06/2012,Cashsave,5914.190038
100508,30/06/2012,Current,4163.183173
100511,30/06/2012,Cashsave,7883.608405
100515,30/06/2012,Cashsave,5156.587311
100534,30/06/2012,Current,8283.262182
100541,30/06/2012,Current,-7269.279432
100550,30/06/2012,Current,7042.783951
100565,30/06/2012,Current,4465.5565
100569,30/06/2012,Current,-7926.202984
100574,30/06/2012,Cashsave,2671.455208
100590,30/06/2012,Cashsave,897.0591715
100621,30/06/2012,Current,-6872.866105
100624,30/06/2012,Current,579.3937272
100624,30/06/2012,Current,-3965.818723
100626,30/06/2012,Cashsave,185.0423223
100629,30/06/2012,Current,-5541.909769
100645,30/06/2012,Current,-23.79094312
100649,30/06/2012,Current,-1472.983514
100652,30/06/2012,Current,-4237.436095
100673,30/06/2012,Current,451.742671
100677,30/06/2012,Current,-4602.949406
100698,30/06/2012,Current,-8254.650884
100709,30/06/2012,Current,485.7537031
100719,30/06/2012,Cashsave,1430.811363
100728,30/06/2012,Current,-9745.992631
100729,30/06/2012,Current,3642.868626
100734,30/06/2012,Current,2749.36706
100759,30/06/2012,Current,2007.075798
100764,30/06/2012,Current,-5871.834167
100769,30/06/2012,Current,6412.854416
100779,30/06/2012,Current,3402.788895
100790,30/06/2012,Cashsave,1984.764486
100793,30/06/2012,Current,5895.01538
100819,30/06/2012,Current,6958.654791
100832,30/06/2012,Current,4708.409385
100846,30/06/2012,Current,4730.703908
100854,30/06/2012,Cashsave,7381.288056
100898,30/06/2012,Current,-5967.322004
100905,30/06/2012,Current,1859.627598
100909,30/06/2012,Current,7326.119854
100916,30/06/2012,Cashsave,2906.502941
100946,30/06/2012,Current,8072.035895
100959,30/06/2012,Current,-4700.810293
100960,30/06/2012,Current,3019.957252
100969,30/06/2012,Cashsave,8433.9319
100971,30/06/2012,Current,8958.256946
100972,30/06/2012,Current,-4260.444772
100990,30/06/2012,Cashsave,-2852.946392
100996,30/06/2012,Current,-4766.845112
