Account,Month,Type,Balance
100000,31/07/2011,Current,-2153.34
100014,31/07/2011,Current,2800.14
100022,31/07/2011,Current,-8097.47
100026,31/07/2011,Cashsave,7581.81
100038,31/07/2011,Current,-4354.21
100044,31/07/2011,Current,8533.05
100074,31/07/2011,Current,8200.15
100082,31/07/2011,Current,2847.21
100083,31/07/2011,Current,-6055.32
100105,31/07/2011,Cashsave,1799.3
100108,31/07/2011,Cashsave,5418.53
100127,31/07/2011,Current,-2234.35
100146,31/07/2011,Current,-8532.96
100149,31/07/2011,Cashsave,9803.38
100160,31/07/2011,Cashsave,266.95
100162,31/07/2011,Cashsave,412.52
100167,31/07/2011,Current,2214.12
100170,31/07/2011,Current,2452.82
100172,31/07/2011,Current,2422.23
100204,31/07/2011,Cashsave,6540.91
100216,31/07/2011,Cashsave,8382.59
100231,31/07/2011,Current,-5532.44
100239,31/07/2011,Current,552.64
100248,31/07/2011,Cashsave,6054.88
100253,31/07/2011,Cashsave,808.21
100260,31/07/2011,Cashsave,7683.66
100291,31/07/2011,Current,-1717.08
100304,31/07/2011,Current,-5391.69
100307,31/07/2011,Current,-6150.49
100314,31/07/2011,Current,-2343.58
100322,31/07/2011,Current,-8.18
100324,31/07/2011,Current,-5122.42
100333,31/07/2011,Current,6716.44
100336,31/07/2011,Current,7219.32
100344,31/07/2011,Current,2589.23
100351,31/07/2011,Current,9483.56
100398,31/07/2011,Current,9499.18
100412,31/07/2011,Current,6304.95
100420,31/07/2011,Cashsave,5530.1
100424,31/07/2011,Current,-4193.23
100439,31/07/2011,Cashsave,7355.12
100440,31/07/2011,Current,-1547.01
100457,31/07/2011,Current,-9767.23
100463,31/07/2011,Current,7417.35
100466,31/07/2011,Cashsave,740.37
100474,31/07/2011,Current,-9377.13
100481,31/07/2011,Current,-6738.43
100493,31/07/2011,Current,9957.85
100502,31/07/2011,Cashsave,2792.45
100508,31/07/2011,Current,-3289.63
100511,31/07/2011,Cashsave,4168.26
100515,31/07/2011,Cashsave,5817.75
100534,31/07/2011,Current,25.34
100541,31/07/2011,Current,-3608.48
100550,31/07/2011,Current,9818.7
100565,31/07/2011,Current,2021.65
100569,31/07/2011,Current,-3886.05
100574,31/07/2011,Cashsave,2461.78
100590,31/07/2011,Cashsave,9756.52
100621,31/07/2011,Current,8861.73
100624,31/07/2011,Current,5109.36
100626,31/07/2011,Cashsave,6174.2
100629,31/07/2011,Current,-2836.21
100645,31/07/2011,Current,660.56
100649,31/07/2011,Current,-272.78
100652,31/07/2011,Current,5927.6
100673,31/07/2011,Current,425.76
100677,31/07/2011,Current,-5936.4
100698,31/07/2011,Current,937.81
100709,31/07/2011,Current,3620.93
100719,31/07/2011,Cashsave,415.92
100728,31/07/2011,Current,797.49
100729,31/07/2011,Current,-2141.08
100734,31/07/2011,Current,3506.89
100759,31/07/2011,Current,9078.1
100764,31/07/2011,Current,53.71
100769,31/07/2011,Current,-8758.54
100779,31/07/2011,Current,-5895.77
100790,31/07/2011,Cashsave,2720.85
100793,31/07/2011,Current,-5963.28
100819,31/07/2011,Current,6723.71
100832,31/07/2011,Current,-7643.24
100846,31/07/2011,Current,7388.48
100854,31/07/2011,Cashsave,4961.34
100898,31/07/2011,Current,4456.96
100905,31/07/2011,Current,-2691.32
100909,31/07/2011,Current,5437.53
100916,31/07/2011,Cashsave,6612.53
100946,31/07/2011,Current,-8808.17
100959,31/07/2011,Current,7999.27
100960,31/07/2011,Current,5341.05
100969,31/07/2011,Cashsave,5072.78
100971,31/07/2011,Current,-795.67
100972,31/07/2011,Current,3898.37
100990,31/07/2011,Cashsave,3890.67
100996,31/07/2011,Current,6950.8
100000,31/08/2011,Current,-6013.67
100014,31/08/2011,Current,-2079.8
100022,31/08/2011,Current,-164.73
100026,31/08/2011,Cashsave,1298.51
100038,31/08/2011,Current,7581.36
100044,31/08/2011,Current,9693.62
100074,31/08/2011,Current,2668.54
100082,31/08/2011,Current,-6459.81
100083,31/08/2011,Current,7094.21
100105,31/08/2011,Cashsave,5022.66
100108,31/08/2011,Cashsave,6272.09
100127,31/08/2011,Current,-1649.71
100146,31/08/2011,Current,-2737.57
100149,31/08/2011,Cashsave,6077.34
100160,31/08/2011,Cashsave,5792.84
100162,31/08/2011,Cashsave,3725.9
100167,31/08/2011,Current,-5599.38
100170,31/08/2011,Current,6584.75
100172,31/08/2011,Current,-3667.35
100204,31/08/2011,Cashsave,8060.34
100216,31/08/2011,Cashsave,1421.34
100231,31/08/2011,Current,7940.5
100239,31/08/2011,Current,5141.48
100248,31/08/2011,Cashsave,4893.31
100253,31/08/2011,Cashsave,7376.49
100260,31/08/2011,Cashsave,3548.26
100291,31/08/2011,Current,8615.18
100304,31/08/2011,Current,-3723.2
100307,31/08/2011,Current,-6968.85
100314,31/08/2011,Current,-563.66
100322,31/08/2011,Current,-7221.63
100324,31/08/2011,Current,-9708.67
100333,31/08/2011,Current,8169
100336,31/08/2011,Current,-3373.5
100344,31/08/2011,Current,9424.73
100351,31/08/2011,Current,-7062.69
100398,31/08/2011,Current,327.72
100412,31/08/2011,Current,-1989.67
100420,31/08/2011,Cashsave,9141.41
100424,31/08/2011,Current,5205.53
100439,31/08/2011,Cashsave,285.98
100440,31/08/2011,Current,-8449.1
100457,31/08/2011,Current,-1590.13
100463,31/08/2011,Current,-8428.95
100466,31/08/2011,Cashsave,8267.15
100474,31/08/2011,Current,7776.42
100481,31/08/2011,Current,-8885.09
100493,31/08/2011,Current,7662.96
100502,31/08/2011,Cashsave,2677.7
100508,31/08/2011,Current,-3819.92
100511,31/08/2011,Cashsave,64.83
100515,31/08/2011,Cashsave,6620.64
100534,31/08/2011,Current,161.95
100541,31/08/2011,Current,3718.85
100550,31/08/2011,Current,8293.41
100565,31/08/2011,Current,-7240.48
100569,31/08/2011,Current,-422.18
100574,31/08/2011,Cashsave,6223.54
100590,31/08/2011,Cashsave,3451.92
100621,31/08/2011,Current,-6447.54
100624,31/08/2011,Current,4941.06
100626,31/08/2011,Cashsave,5001.32
100629,31/08/2011,Current,1136.31
100645,31/08/2011,Current,-7044.97
100649,31/08/2011,Current,165.85
100652,31/08/2011,Current,-1421.29
100673,31/08/2011,Current,-7677.2
100677,31/08/2011,Current,-3626.5
100698,31/08/2011,Current,2275.03
100709,31/08/2011,Current,7876.9
100719,31/08/2011,Cashsave,6495.61
100728,31/08/2011,Current,5343.76
100729,31/08/2011,Current,-1071.2
100734,31/08/2011,Current,-4078.02
100759,31/08/2011,Current,-8758.64
100764,31/08/2011,Current,-7525.25
100769,31/08/2011,Current,-5816.24
100779,31/08/2011,Current,-7160.75
100790,31/08/2011,Cashsave,4390.38
100793,31/08/2011,Current,-7122.37
100819,31/08/2011,Current,-1998.37
100832,31/08/2011,Current,-1032.05
100846,31/08/2011,Current,3107.02
100854,31/08/2011,Cashsave,7169.81
100898,31/08/2011,Current,-7586.25
100905,31/08/2011,Current,6086.31
100909,31/08/2011,Current,6896.87
100916,31/08/2011,Cashsave,473.76
100946,31/08/2011,Current,6783.45
100959,31/08/2011,Current,-7131.04
100960,31/08/2011,Current,3319.52
100969,31/08/2011,Cashsave,5321.55
100971,31/08/2011,Current,1235.91
100972,31/08/2011,Current,-4009.97
100990,31/08/2011,Cashsave,3514.97
100996,31/08/2011,Current,9907.69
100000,30/09/2011,Current,6962.45
100014,30/09/2011,Current,-8627.94
100022,30/09/2011,Current,-9475.96
100026,30/09/2011,Cashsave,9117.26
100038,30/09/2011,Current,1802.12
100044,30/09/2011,Current,2315.25
100074,30/09/2011,Current,-5711.32
100082,30/09/2011,Current,6952.67
100083,30/09/2011,Current,2214.14
100105,30/09/2011,Cashsave,5676.55
100108,30/09/2011,Cashsave,620.8
100127,30/09/2011,Current,-9670.74
100146,30/09/2011,Current,-5324.19
100149,30/09/2011,Cashsave,617.26
100160,30/09/2011,Cashsave,3032.06
100162,30/09/2011,Cashsave,2814.74
100167,30/09/2011,Current,4590.3
100170,30/09/2011,Current,-9712.62
100172,30/09/2011,Current,-3708.32
100204,30/09/2011,Cashsave,1329.21
100216,30/09/2011,Cashsave,8500.64
100231,30/09/2011,Current,-1849.13
100239,30/09/2011,Current,1600.05
100248,30/09/2011,Cashsave,7782.07
100253,30/09/2011,Cashsave,6000.99
100260,30/09/2011,Cashsave,6291.74
100291,30/09/2011,Current,-9446.72
100304,30/09/2011,Current,1220.77
100307,30/09/2011,Current,-5042.69
100314,30/09/2011,Current,-5752.24
100322,30/09/2011,Current,-7801.02
100324,30/09/2011,Current,9424.97
100333,30/09/2011,Current,4769.29
100336,30/09/2011,Current,-5068.54
100344,30/09/2011,Current,-6416.78
100351,30/09/2011,Current,-4802.33
100398,30/09/2011,Current,-6541.2
100412,30/09/2011,Current,-4722.89
100420,30/09/2011,Cashsave,373.41
100424,30/09/2011,Current,-8222.77
100439,30/09/2011,Cashsave,2430.06
100440,30/09/2011,Current,7126.85
100457,30/09/2011,Current,-6803.22
100463,30/09/2011,Current,9342.08
100466,30/09/2011,Cashsave,6287.94
100474,30/09/2011,Current,8162.14
100481,30/09/2011,Current,8206.71
100493,30/09/2011,Current,3535.85
100502,30/09/2011,Cashsave,1179.13
100508,30/09/2011,Current,-1159.11
100511,30/09/2011,Cashsave,6202.37
100515,30/09/2011,Cashsave,8783.19
100534,30/09/2011,Current,1850.36
100541,30/09/2011,Current,-7186.91
100550,30/09/2011,Current,-6002.82
100565,30/09/2011,Current,3325.84
100569,30/09/2011,Current,8688.75
100574,30/09/2011,Cashsave,278.53
100590,30/09/2011,Cashsave,6015.28
100621,30/09/2011,Current,-326.51
100624,30/09/2011,Current,-6836.86
100626,30/09/2011,Cashsave,1603.9
100629,30/09/2011,Current,4642.48
100645,30/09/2011,Current,1088.93
100649,30/09/2011,Current,6066.7
100652,30/09/2011,Current,793.59
100673,30/09/2011,Current,-8623.54
100677,30/09/2011,Current,4203.51
100698,30/09/2011,Current,8685.4
100709,30/09/2011,Current,-126.63
100719,30/09/2011,Cashsave,8920.4
100728,30/09/2011,Current,1835.86
100729,30/09/2011,Current,5974.15
100734,30/09/2011,Current,-2483.66
100759,30/09/2011,Current,4370.78
100764,30/09/2011,Current,2299.87
100769,30/09/2011,Current,8724.95
100779,30/09/2011,Current,-2031.55
100790,30/09/2011,Cashsave,5331.44
100793,30/09/2011,Current,4883.6
100819,30/09/2011,Current,-4331.68
100832,30/09/2011,Current,1306.04
100846,30/09/2011,Current,7630.89
100854,30/09/2011,Cashsave,9847.34
100898,30/09/2011,Current,-1104.67
100905,30/09/2011,Current,4292.96
100909,30/09/2011,Current,1520.24
100916,30/09/2011,Cashsave,1476.26
100946,30/09/2011,Current,-1492.94
100959,30/09/2011,Current,-6459.81
100960,30/09/2011,Current,-5300.02
100969,30/09/2011,Cashsave,7162.42
100971,30/09/2011,Current,5019.99
100972,30/09/2011,Current,-3121.14
100990,30/09/2011,Cashsave,1433.34
100996,30/09/2011,Current,-4626.91
100000,31/10/2011,Current,-2365.01
100014,31/10/2011,Current,-1891.67
100022,31/10/2011,Current,1596.42
100026,31/10/2011,Cashsave,1315.81
100038,31/10/2011,Current,-4132.1
100044,31/10/2011,Current,-3002.14
100074,31/10/2011,Current,-2631.73
100082,31/10/2011,Current,5315.92
100083,31/10/2011,Current,-310.18
100105,31/10/2011,Cashsave,5277.38
100108,31/10/2011,Cashsave,24.51
100127,31/10/2011,Current,3171.98
100146,31/10/2011,Current,-4913.41
100149,31/10/2011,Cashsave,8599.53
100160,31/10/2011,Cashsave,2593.21
100162,31/10/2011,Cashsave,2511.78
100167,31/10/2011,Current,-6763.36
100170,31/10/2011,Current,181.83
100172,31/10/2011,Current,-6169.84
100204,31/10/2011,Cashsave,929.86
100216,31/10/2011,Cashsave,4270.25
100231,31/10/2011,Current,4061.16
100239,31/10/2011,Current,9829.93
100248,31/10/2011,Cashsave,360.55
100253,31/10/2011,Cashsave,7452.31
100260,31/10/2011,Cashsave,4583.35
100291,31/10/2011,Current,1047.66
100304,31/10/2011,Current,2226.35
100307,31/10/2011,Current,1804.08
100314,31/10/2011,Current,9721.53
100322,31/10/2011,Current,-1123.78
100324,31/10/2011,Current,-8155.09
100333,31/10/2011,Current,2648.59
100336,31/10/2011,Current,1333.36
100344,31/10/2011,Current,-5975.13
100351,31/10/2011,Current,8606.97
100398,31/10/2011,Current,2803.96
100412,31/10/2011,Current,-9852.5
100420,31/10/2011,Cashsave,1269.99
100424,31/10/2011,Current,5740.67
100439,31/10/2011,Cashsave,5124.57
100440,31/10/2011,Current,8407.49
100457,31/10/2011,Current,-5966.89
100463,31/10/2011,Current,6849.3
100466,31/10/2011,Cashsave,8358.82
100474,31/10/2011,Current,-6844.09
100481,31/10/2011,Current,1188.9
100493,31/10/2011,Current,2303.94
100502,31/10/2011,Cashsave,230.04
100508,31/10/2011,Current,-4445.61
100511,31/10/2011,Cashsave,821.35
100515,31/10/2011,Cashsave,4205.3
100534,31/10/2011,Current,-1037.74
100541,31/10/2011,Current,8411.97
100550,31/10/2011,Current,-1208.84
100565,31/10/2011,Current,5340.05
100569,31/10/2011,Current,-5437.48
100574,31/10/2011,Cashsave,5267.17
100590,31/10/2011,Cashsave,7837.19
100621,31/10/2011,Current,-4700.37
100624,31/10/2011,Current,-2126.15
100626,31/10/2011,Cashsave,5380.27
100629,31/10/2011,Current,8403.34
100645,31/10/2011,Current,4965.08
100649,31/10/2011,Current,-8433
100652,31/10/2011,Current,-2475.11
100673,31/10/2011,Current,9432.64
100677,31/10/2011,Current,8663.13
100698,31/10/2011,Current,7854.92
100709,31/10/2011,Current,-5344.42
100719,31/10/2011,Cashsave,9911.7
100728,31/10/2011,Current,5152.66
100729,31/10/2011,Current,582.33
100734,31/10/2011,Current,5915.94
100759,31/10/2011,Current,3860.73
100764,31/10/2011,Current,8309.7
100769,31/10/2011,Current,4062.51
100779,31/10/2011,Current,-1741.13
100790,31/10/2011,Cashsave,8105
100793,31/10/2011,Current,4959.38
100819,31/10/2011,Current,-506.85
100832,31/10/2011,Current,3707.83
100846,31/10/2011,Current,2510.77
100854,31/10/2011,Cashsave,7102.41
100898,31/10/2011,Current,-7247.56
100905,31/10/2011,Current,-2849.56
100909,31/10/2011,Current,4997.67
100916,31/10/2011,Cashsave,6496.48
100946,31/10/2011,Current,9467.9
100959,31/10/2011,Current,7791.54
100960,31/10/2011,Current,9611.61
100969,31/10/2011,Cashsave,9602.2
100971,31/10/2011,Current,-7295.56
100972,31/10/2011,Current,2280.31
100990,31/10/2011,Cashsave,2547.63
100996,31/10/2011,Current,2834.23
100000,30/11/2011,Current,1961.29
100014,30/11/2011,Current,-5765.88
100022,30/11/2011,Current,7315.61
100026,30/11/2011,Cashsave,9133.34
100038,30/11/2011,Current,8326.41
100044,30/11/2011,Current,8751.27
100074,30/11/2011,Current,4536.04
100082,30/11/2011,Current,-7760.81
100083,30/11/2011,Current,8689.2
100105,30/11/2011,Cashsave,7671.47
100108,30/11/2011,Cashsave,9352.8
100127,30/11/2011,Current,-6314.91
100146,30/11/2011,Current,5289.31
100149,30/11/2011,Cashsave,7584.68
100160,30/11/2011,Cashsave,3189.18
100162,30/11/2011,Cashsave,4736.8
100167,30/11/2011,Current,9653.06
100170,30/11/2011,Current,-7272.81
100172,30/11/2011,Current,2977.13
100204,30/11/2011,Cashsave,3514.96
100216,30/11/2011,Cashsave,1760.52
100231,30/11/2011,Current,-4720.16
100239,30/11/2011,Current,2411.5
100248,30/11/2011,Cashsave,820.76
100253,30/11/2011,Cashsave,8001.95
100260,30/11/2011,Cashsave,8153.17
100291,30/11/2011,Current,1649.7
100304,30/11/2011,Current,4996.4
100307,30/11/2011,Current,4325.78
100314,30/11/2011,Current,9412.51
100322,30/11/2011,Current,2205.61
100324,30/11/2011,Current,-9149.53
100333,30/11/2011,Current,143.34
100336,30/11/2011,Current,8503.64
100344,30/11/2011,Current,-3648.07
100351,30/11/2011,Current,-6015.64
100398,30/11/2011,Current,-3045.82
100412,30/11/2011,Current,-1581.59
100420,30/11/2011,Cashsave,2682.29
100424,30/11/2011,Current,9233.61
100439,30/11/2011,Cashsave,9818.49
100440,30/11/2011,Current,7623.04
100457,30/11/2011,Current,1635.61
100463,30/11/2011,Current,-7969.47
100466,30/11/2011,Cashsave,3837.71
100474,30/11/2011,Current,-4939.82
100481,30/11/2011,Current,9240.85
100493,30/11/2011,Current,-3325.51
100502,30/11/2011,Cashsave,2406.07
100508,30/11/2011,Current,8601.34
100511,30/11/2011,Cashsave,1850.39
100515,30/11/2011,Cashsave,4626.79
100534,30/11/2011,Current,8508.44
100541,30/11/2011,Current,7879.97
100550,30/11/2011,Current,4238.79
100565,30/11/2011,Current,8641.95
100569,30/11/2011,Current,3576.9
100574,30/11/2011,Cashsave,9225.29
100590,30/11/2011,Cashsave,4224.78
100621,30/11/2011,Current,-4578.95
100624,30/11/2011,Current,-8930.11
100626,30/11/2011,Cashsave,90.33
100629,30/11/2011,Current,-4600.55
100645,30/11/2011,Current,2134.42
100649,30/11/2011,Current,163.77
100652,30/11/2011,Current,-5307.56
100673,30/11/2011,Current,5739.68
100677,30/11/2011,Current,-9395.37
100698,30/11/2011,Current,7199.92
100709,30/11/2011,Current,2363.6
100719,30/11/2011,Cashsave,8515.38
100728,30/11/2011,Current,-8413.02
100729,30/11/2011,Current,9507.95
100734,30/11/2011,Current,-7342.74
100759,30/11/2011,Current,-2262.09
100764,30/11/2011,Current,-9202.53
100769,30/11/2011,Current,654.05
100779,30/11/2011,Current,6043
100790,30/11/2011,Cashsave,9256.18
100793,30/11/2011,Current,9466.2
100819,30/11/2011,Current,-8135.79
100832,30/11/2011,Current,-1454.02
100846,30/11/2011,Current,4951.89
100854,30/11/2011,Cashsave,8262.06
100898,30/11/2011,Current,4461.76
100905,30/11/2011,Current,7617.06
100909,30/11/2011,Current,1058.24
100916,30/11/2011,Cashsave,2191.66
100946,30/11/2011,Current,4152.53
100959,30/11/2011,Current,-2142.12
100960,30/11/2011,Current,9859.05
100969,30/11/2011,Cashsave,9311.41
100971,30/11/2011,Current,-1584.76
100972,30/11/2011,Current,9957.72
100990,30/11/2011,Cashsave,3438.23
100996,30/11/2011,Current,-5710.09
100000,31/12/2011,Current,4204.84
100014,31/12/2011,Current,-6103.4
100022,31/12/2011,Current,5937.54
100026,31/12/2011,Cashsave,4971.1
100038,31/12/2011,Current,-2261.86
100044,31/12/2011,Current,-2760.59
100074,31/12/2011,Current,4015.64
100082,31/12/2011,Current,473.99
100083,31/12/2011,Current,-3126.94
100105,31/12/2011,Cashsave,9165.24
100108,31/12/2011,Cashsave,4986.43
100127,31/12/2011,Current,273.39
100146,31/12/2011,Current,8952.65
100149,31/12/2011,Cashsave,5722.69
100160,31/12/2011,Cashsave,3963.28
100162,31/12/2011,Cashsave,8928.55
100167,31/12/2011,Current,5884.1
100170,31/12/2011,Current,5932.23
100172,31/12/2011,Current,4362.97
100204,31/12/2011,Cashsave,8177.26
100216,31/12/2011,Cashsave,787.46
100231,31/12/2011,Current,-9531.37
100239,31/12/2011,Current,2876.15
100248,31/12/2011,Cashsave,8863.18
100253,31/12/2011,Cashsave,494.59
100260,31/12/2011,Cashsave,1392.49
100291,31/12/2011,Current,-9482.48
100304,31/12/2011,Current,969.12
100307,31/12/2011,Current,-1847.27
100314,31/12/2011,Current,8192.84
100322,31/12/2011,Current,-5756.84
100324,31/12/2011,Current,646.44
100333,31/12/2011,Current,-5625.69
100336,31/12/2011,Current,3803.14
100344,31/12/2011,Current,2986.43
100351,31/12/2011,Current,6103.36
100398,31/12/2011,Current,-4051.54
100412,31/12/2011,Current,7018.71
100420,31/12/2011,Cashsave,1734.85
100424,31/12/2011,Current,6005.86
100439,31/12/2011,Cashsave,1834.53
100440,31/12/2011,Current,4632.33
100457,31/12/2011,Current,-9718.83
100463,31/12/2011,Current,-125.69
100466,31/12/2011,Cashsave,1417.36
100474,31/12/2011,Current,7016.33
100481,31/12/2011,Current,797.88
100493,31/12/2011,Current,-4462.95
100502,31/12/2011,Cashsave,3426.65
100508,31/12/2011,Current,8077.81
100511,31/12/2011,Cashsave,3811.25
100515,31/12/2011,Cashsave,2623.02
100534,31/12/2011,Current,-7467.43
100541,31/12/2011,Current,9901.04
100550,31/12/2011,Current,4124.18
100565,31/12/2011,Current,5395.64
100569,31/12/2011,Current,-9115.57
100574,31/12/2011,Cashsave,468.25
100590,31/12/2011,Cashsave,7667.61
100621,31/12/2011,Current,-818.43
100624,31/12/2011,Current,-4905.3
100626,31/12/2011,Cashsave,8838.02
100629,31/12/2011,Current,9087.27
100645,31/12/2011,Current,5016.35
100649,31/12/2011,Current,-683.34
100652,31/12/2011,Current,8986.24
100673,31/12/2011,Current,-6470.57
100677,31/12/2011,Current,2345.49
100698,31/12/2011,Current,-9975.13
100709,31/12/2011,Current,-6187.01
100719,31/12/2011,Cashsave,7513.48
100728,31/12/2011,Current,-6446.56
100729,31/12/2011,Current,535.2
100734,31/12/2011,Current,8660.11
100759,31/12/2011,Current,8547.21
100764,31/12/2011,Current,6099.35
100769,31/12/2011,Current,-3671.95
100779,31/12/2011,Current,-9375.26
100790,31/12/2011,Cashsave,8965.5
100793,31/12/2011,Current,4900.32
100819,31/12/2011,Current,6441.88
100832,31/12/2011,Current,4673.2
100846,31/12/2011,Current,-9504.88
100854,31/12/2011,Cashsave,2305.55
100898,31/12/2011,Current,9382.25
100905,31/12/2011,Current,-7926.15
100909,31/12/2011,Current,-4194.93
100916,31/12/2011,Cashsave,5188.99
100946,31/12/2011,Current,-7417.8
100959,31/12/2011,Current,2808.06
100960,31/12/2011,Current,1323.08
100969,31/12/2011,Cashsave,6285.77
100971,31/12/2011,Current,-9506.39
100972,31/12/2011,Current,5835.01
100990,31/12/2011,Cashsave,5000.09
100996,31/12/2011,Current,-8382.46
100000,31/01/2012,Current,6291.23
100014,31/01/2012,Current,6944.95
100022,31/01/2012,Current,7773.52
100026,31/01/2012,Cashsave,731.22
100038,31/01/2012,Current,-9984.33
100044,31/01/2012,Current,-9897.96
100074,31/01/2012,Current,-2114.16
100082,31/01/2012,Current,9278.96
100083,31/01/2012,Current,-2451.4
100105,31/01/2012,Cashsave,9534.41
100108,31/01/2012,Cashsave,9266.9
100127,31/01/2012,Current,-9863.6
100146,31/01/2012,Current,-9573.43
100149,31/01/2012,Cashsave,1522.82
100160,31/01/2012,Cashsave,5093.9
100162,31/01/2012,Cashsave,4094.57
100167,31/01/2012,Current,747.47
100170,31/01/2012,Current,-1045.73
100172,31/01/2012,Current,-7183.95
100204,31/01/2012,Cashsave,4827.46
100216,31/01/2012,Cashsave,3803.1
100231,31/01/2012,Current,-898
100239,31/01/2012,Current,3894.15
100248,31/01/2012,Cashsave,2429.02
100253,31/01/2012,Cashsave,664.65
100260,31/01/2012,Cashsave,4899.61
100291,31/01/2012,Current,-8853.96
100304,31/01/2012,Current,2162.22
100307,31/01/2012,Current,-2195.02
100314,31/01/2012,Current,1611.3
100322,31/01/2012,Current,-9990.24
100324,31/01/2012,Current,1628.59
100333,31/01/2012,Current,7686.77
100336,31/01/2012,Current,-8224.91
100344,31/01/2012,Current,-5448.74
100351,31/01/2012,Current,3759.03
100398,31/01/2012,Current,5486.64
100412,31/01/2012,Current,6338.73
100420,31/01/2012,Cashsave,3884.25
100424,31/01/2012,Current,-57.95
100439,31/01/2012,Cashsave,9864.64
100440,31/01/2012,Current,-8833.48
100457,31/01/2012,Current,-5347.89
100463,31/01/2012,Current,-9211.78
100466,31/01/2012,Cashsave,8397.08
100474,31/01/2012,Current,9660.15
100481,31/01/2012,Current,-4061.31
100493,31/01/2012,Current,351.74
100502,31/01/2012,Cashsave,6038.02
100508,31/01/2012,Current,5780.04
100511,31/01/2012,Cashsave,3936.02
100515,31/01/2012,Cashsave,4335.28
100534,31/01/2012,Current,-3804.49
100541,31/01/2012,Current,6793.86
100550,31/01/2012,Current,3868.17
100565,31/01/2012,Current,6034.98
100569,31/01/2012,Current,-7566.47
100574,31/01/2012,Cashsave,2638.49
100590,31/01/2012,Cashsave,1273.25
100621,31/01/2012,Current,2753.5
100624,31/01/2012,Current,-2565.72
100626,31/01/2012,Cashsave,1251.82
100629,31/01/2012,Current,5282.01
100645,31/01/2012,Current,-1617.72
100649,31/01/2012,Current,-5586.02
100652,31/01/2012,Current,6575.17
100673,31/01/2012,Current,-1899.21
100677,31/01/2012,Current,-735.55
100698,31/01/2012,Current,9906.46
100709,31/01/2012,Current,-2262.7
100719,31/01/2012,Cashsave,2475.77
100728,31/01/2012,Current,8399.56
100729,31/01/2012,Current,7498.41
100734,31/01/2012,Current,3369.43
100759,31/01/2012,Current,-7283.68
100764,31/01/2012,Current,-9389.02
100769,31/01/2012,Current,5241.08
100779,31/01/2012,Current,4870.81
100790,31/01/2012,Cashsave,9204.18
100793,31/01/2012,Current,-5318.92
100819,31/01/2012,Current,3430.02
100832,31/01/2012,Current,-6893.63
100846,31/01/2012,Current,-9175.88
100854,31/01/2012,Cashsave,6852.47
100898,31/01/2012,Current,-4546.91
100905,31/01/2012,Current,-5520.38
100909,31/01/2012,Current,-4753.8
100916,31/01/2012,Cashsave,7274.24
100946,31/01/2012,Current,9647.96
100959,31/01/2012,Current,-9611.23
100960,31/01/2012,Current,2000
100969,31/01/2012,Cashsave,5885.08
100971,31/01/2012,Current,-1278.78
100972,31/01/2012,Current,9778.33
100990,31/01/2012,Cashsave,5552.7
100996,31/01/2012,Current,3820.85
100000,29/02/2012,Current,-7873.36
100014,29/02/2012,Current,-937.06
100022,29/02/2012,Current,-1373.36
100026,29/02/2012,Cashsave,9980.78
100038,29/02/2012,Current,7062.69
100044,29/02/2012,Current,7002.85
100074,29/02/2012,Current,2364.66
100082,29/02/2012,Current,8058.01
100083,29/02/2012,Current,8846.3
100105,29/02/2012,Cashsave,246.27
100108,29/02/2012,Cashsave,7083.07
100127,29/02/2012,Current,2071.24
100146,29/02/2012,Current,-1054.76
100149,29/02/2012,Cashsave,9717.78
100160,29/02/2012,Cashsave,9938.49
100162,29/02/2012,Cashsave,1690.7
100167,29/02/2012,Current,9155.52
100170,29/02/2012,Current,5524.11
100172,29/02/2012,Current,-4426.88
100204,29/02/2012,Cashsave,2182.13
100216,29/02/2012,Cashsave,9216.54
100231,29/02/2012,Current,1466.82
100239,29/02/2012,Current,-900.98
100248,29/02/2012,Cashsave,8010.81
100253,29/02/2012,Cashsave,3944.22
100260,29/02/2012,Cashsave,6563.53
100291,29/02/2012,Current,3603.04
100304,29/02/2012,Current,-3527.32
100307,29/02/2012,Current,704.78
100314,29/02/2012,Current,-2062.28
100322,29/02/2012,Current,4916.72
100324,29/02/2012,Current,6377.42
100333,29/02/2012,Current,2198.26
100336,29/02/2012,Current,-7462.32
100344,29/02/2012,Current,6414.93
100351,29/02/2012,Current,-5483.22
100398,29/02/2012,Current,-4817.52
100412,29/02/2012,Current,9156.01
100420,29/02/2012,Cashsave,5559.76
100424,29/02/2012,Current,-4627.87
100439,29/02/2012,Cashsave,2380.41
100440,29/02/2012,Current,2428.1
100457,29/02/2012,Current,-1982
100463,29/02/2012,Current,4339.28
100466,29/02/2012,Cashsave,5538.8
100474,29/02/2012,Current,8318.91
100481,29/02/2012,Current,-2217.75
100493,29/02/2012,Current,-420.7
100502,29/02/2012,Cashsave,1302.34
100508,29/02/2012,Current,8499.61
100511,29/02/2012,Cashsave,2979.93
100515,29/02/2012,Cashsave,584.26
100534,29/02/2012,Current,-7795.8
100541,29/02/2012,Current,5021.41
100550,29/02/2012,Current,-1893.54
100565,29/02/2012,Current,1143.35
100569,29/02/2012,Current,5938.51
100574,29/02/2012,Cashsave,245.01
100590,29/02/2012,Cashsave,9630.3
100621,29/02/2012,Current,176.42
100624,29/02/2012,Current,6340.41
100626,29/02/2012,Cashsave,6091.01
100629,29/02/2012,Current,-6786.33
100645,29/02/2012,Current,-7531.79
100649,29/02/2012,Current,3906.64
100652,29/02/2012,Current,-4730.78
100673,29/02/2012,Current,3070.32
100677,29/02/2012,Current,-4507
100698,29/02/2012,Current,1234.41
100709,29/02/2012,Current,-7175.7
100719,29/02/2012,Cashsave,9537.57
100728,29/02/2012,Current,-2633.47
100729,29/02/2012,Current,-2146.16
100734,29/02/2012,Current,4259.72
100759,29/02/2012,Current,9915.9
100764,29/02/2012,Current,-6412.09
100769,29/02/2012,Current,3929.81
100779,29/02/2012,Current,7137.94
100790,29/02/2012,Cashsave,5452.67
100793,29/02/2012,Current,-3497.21
100819,29/02/2012,Current,6571.64
100832,29/02/2012,Current,-4923.67
100846,29/02/2012,Current,-7270.54
100854,29/02/2012,Cashsave,9396.78
100898,29/02/2012,Current,4786.09
100905,29/02/2012,Current,-1722.38
100909,29/02/2012,Current,5407.6
100916,29/02/2012,Cashsave,6549.86
100946,29/02/2012,Current,7270.32
100959,29/02/2012,Current,4344.75
100960,29/02/2012,Current,-8704.18
100969,29/02/2012,Cashsave,1746.63
100971,29/02/2012,Current,-7503.87
100972,29/02/2012,Current,-6769.12
100990,29/02/2012,Cashsave,4022.15
100996,29/02/2012,Current,-7788.79
100000,31/03/2012,Current,-7429.46
100014,31/03/2012,Current,-5619.62
100022,31/03/2012,Current,7022.29
100026,31/03/2012,Cashsave,1983.64
100038,31/03/2012,Current,-9798.86
100044,31/03/2012,Current,-4880.27
100074,31/03/2012,Current,5577.29
100082,31/03/2012,Current,2278.55
100083,31/03/2012,Current,-2347.67
100105,31/03/2012,Cashsave,7956.04
100108,31/03/2012,Cashsave,4259.14
100127,31/03/2012,Current,-22.4
100146,31/03/2012,Current,1133.47
100149,31/03/2012,Cashsave,536.58
100160,31/03/2012,Cashsave,3954.85
100162,31/03/2012,Cashsave,9830.61
100167,31/03/2012,Current,9423.62
100170,31/03/2012,Current,5166.22
100172,31/03/2012,Current,-9919.42
100204,31/03/2012,Cashsave,9445.22
100216,31/03/2012,Cashsave,3847.24
100231,31/03/2012,Current,9.67
100239,31/03/2012,Current,3050.22
100248,31/03/2012,Cashsave,3142.72
100253,31/03/2012,Cashsave,6205.27
100260,31/03/2012,Cashsave,341.49
100291,31/03/2012,Current,-1961.54
100304,31/03/2012,Current,-6829.85
100307,31/03/2012,Current,-1227.27
100314,31/03/2012,Current,-5240.23
100322,31/03/2012,Current,-8312.16
100324,31/03/2012,Current,2293.24
100333,31/03/2012,Current,-5675.3
100336,31/03/2012,Current,-4894.94
100344,31/03/2012,Current,-7484.25
100351,31/03/2012,Current,-5959.62
100398,31/03/2012,Current,-689.02
100412,31/03/2012,Current,-609.71
100420,31/03/2012,Cashsave,5186.44
100424,31/03/2012,Current,3893.77
100439,31/03/2012,Cashsave,110.01
100440,31/03/2012,Current,-3224.21
100457,31/03/2012,Current,-1912.13
100463,31/03/2012,Current,-3654.25
100466,31/03/2012,Cashsave,3741.58
100474,31/03/2012,Current,-1525.84
100481,31/03/2012,Current,7535.49
100493,31/03/2012,Current,8238.63
100502,31/03/2012,Cashsave,8043.88
100508,31/03/2012,Current,1929.58
100511,31/03/2012,Cashsave,171.03
100515,31/03/2012,Cashsave,6739.26
100534,31/03/2012,Current,7883.3
100541,31/03/2012,Current,-4410.04
100550,31/03/2012,Current,-6031.55
100565,31/03/2012,Current,1062.33
100569,31/03/2012,Current,7879.07
100574,31/03/2012,Cashsave,8243.34
100590,31/03/2012,Cashsave,4561.72
100621,31/03/2012,Current,9660.34
100624,31/03/2012,Current,-9936.22
100626,31/03/2012,Cashsave,118.21
100629,31/03/2012,Current,1880.3
100645,31/03/2012,Current,-371.13
100649,31/03/2012,Current,9646.39
100652,31/03/2012,Current,-2978.13
100673,31/03/2012,Current,5325.59
100677,31/03/2012,Current,3727.04
100698,31/03/2012,Current,212.78
100709,31/03/2012,Current,7781.66
100719,31/03/2012,Cashsave,3313.79
100728,31/03/2012,Current,-3453.89
100729,31/03/2012,Current,-8483.66
100734,31/03/2012,Current,-1589.95
100759,31/03/2012,Current,-2144.59
100764,31/03/2012,Current,-7393.41
100769,31/03/2012,Current,-3859.38
100779,31/03/2012,Current,-113.44
100790,31/03/2012,Cashsave,9035.95
100793,31/03/2012,Current,8514.54
100819,31/03/2012,Current,-2490.06
100832,31/03/2012,Current,-9479.99
100846,31/03/2012,Current,8975.67
100854,31/03/2012,Cashsave,3221.51
100898,31/03/2012,Current,6741.26
100905,31/03/2012,Current,-7128.11
100909,31/03/2012,Current,-8797.27
100916,31/03/2012,Cashsave,1854.82
100946,31/03/2012,Current,-5243.48
100959,31/03/2012,Current,756.13
100960,31/03/2012,Current,6797.69
100969,31/03/2012,Cashsave,6223.35
100971,31/03/2012,Current,-3289.91
100972,31/03/2012,Current,-337.89
100990,31/03/2012,Cashsave,8265.02
100996,31/03/2012,Current,1540.35
100000,30/04/2012,Current,-8654.73
100014,30/04/2012,Current,7637.8
100022,30/04/2012,Current,-4459.42
100026,30/04/2012,Cashsave,9811.96
100038,30/04/2012,Current,-531.9
100044,30/04/2012,Current,4084.34
100074,30/04/2012,Current,1175.53
100082,30/04/2012,Current,-5970.63
100083,30/04/2012,Current,-1412.46
100105,30/04/2012,Cashsave,9132.9
100108,30/04/2012,Cashsave,7437.81
100127,30/04/2012,Current,2540.75
100146,30/04/2012,Current,-8044.2
100149,30/04/2012,Cashsave,2211.57
100160,30/04/2012,Cashsave,3224.36
100162,30/04/2012,Cashsave,853.27
100167,30/04/2012,Current,-6642.11
100170,30/04/2012,Current,8793.97
100172,30/04/2012,Current,3768.64
100204,30/04/2012,Cashsave,7989.53
100216,30/04/2012,Cashsave,928.84
100231,30/04/2012,Current,-3205.95
100239,30/04/2012,Current,-1436.67
100248,30/04/2012,Cashsave,2597.29
100253,30/04/2012,Cashsave,6505.34
100260,30/04/2012,Cashsave,371.69
100291,30/04/2012,Current,1816.2
100304,30/04/2012,Current,-8292.07
100307,30/04/2012,Current,-4776.84
100314,30/04/2012,Current,9157.69
100322,30/04/2012,Current,-5448.09
100324,30/04/2012,Current,4290.24
100333,30/04/2012,Current,-4397
100336,30/04/2012,Current,2854.06
100344,30/04/2012,Current,-4769.8
100351,30/04/2012,Current,-2510.49
100398,30/04/2012,Current,-6605.99
100412,30/04/2012,Current,4085.65
100420,30/04/2012,Cashsave,1425.34
100424,30/04/2012,Current,-2038.53
100439,30/04/2012,Cashsave,9226.43
100440,30/04/2012,Current,8949.24
100457,30/04/2012,Current,-7688.24
100463,30/04/2012,Current,-9082.51
100466,30/04/2012,Cashsave,893.59
100474,30/04/2012,Current,4455.08
100481,30/04/2012,Current,-506.04
100493,30/04/2012,Current,1114.82
100502,30/04/2012,Cashsave,6945.65
100508,30/04/2012,Current,3298.92
100511,30/04/2012,Cashsave,4275.66
100515,30/04/2012,Cashsave,2597.56
100534,30/04/2012,Current,-9334.72
100541,30/04/2012,Current,-8926.79
100550,30/04/2012,Current,1151.39
100565,30/04/2012,Current,-776.45
100569,30/04/2012,Current,-2122.44
100574,30/04/2012,Cashsave,3782.64
100590,30/04/2012,Cashsave,3963.43
100621,30/04/2012,Current,-8787.71
100624,30/04/2012,Current,6439.27
100626,30/04/2012,Cashsave,1064.02
100629,30/04/2012,Current,-8555.72
100645,30/04/2012,Current,681.77
100649,30/04/2012,Current,8540.56
100652,30/04/2012,Current,-2953.26
100673,30/04/2012,Current,-2162.25
100677,30/04/2012,Current,-6089.93
100698,30/04/2012,Current,-8738.95
100709,30/04/2012,Current,1659.42
100719,30/04/2012,Cashsave,95.94
100728,30/04/2012,Current,-3649.4
100729,30/04/2012,Current,-4802.64
100734,30/04/2012,Current,-4981.82
100759,30/04/2012,Current,-3927.74
100764,30/04/2012,Current,1291.28
100769,30/04/2012,Current,-2926.72
100779,30/04/2012,Current,4313.54
100790,30/04/2012,Cashsave,4245.93
100793,30/04/2012,Current,-827.8
100819,30/04/2012,Current,6212.06
100832,30/04/2012,Current,-6287.03
100846,30/04/2012,Current,1778.7
100854,30/04/2012,Cashsave,2756.85
100898,30/04/2012,Current,-4779.05
100905,30/04/2012,Current,2309.08
100909,30/04/2012,Current,9158.82
100916,30/04/2012,Cashsave,3614.19
100946,30/04/2012,Current,279.94
100959,30/04/2012,Current,1646.58
100960,30/04/2012,Current,4712.57
100969,30/04/2012,Cashsave,2593.41
100971,30/04/2012,Current,9093.16
100972,30/04/2012,Current,-2199.44
100990,30/04/2012,Cashsave,1926.43
100996,30/04/2012,Current,5522.49
100000,31/05/2012,Current,1979.23
100014,31/05/2012,Current,-1655.08
100022,31/05/2012,Current,4369.34
100026,31/05/2012,Cashsave,4535.67
100038,31/05/2012,Current,8660.06
100044,31/05/2012,Current,-5242.36
100074,31/05/2012,Current,-3277.7
100082,31/05/2012,Current,1043.72
100083,31/05/2012,Current,-3260.95
100105,31/05/2012,Cashsave,4184.42
100108,31/05/2012,Cashsave,8440.65
100127,31/05/2012,Current,-4004.67
100146,31/05/2012,Current,1621.16
100149,31/05/2012,Cashsave,4018.61
100160,31/05/2012,Cashsave,2290.33
100162,31/05/2012,Cashsave,6002.57
100167,31/05/2012,Current,-7899.13
100170,31/05/2012,Current,1548.72
100172,31/05/2012,Current,9965.68
100204,31/05/2012,Cashsave,9506.41
100216,31/05/2012,Cashsave,2700.36
100231,31/05/2012,Current,-1189.58
100239,31/05/2012,Current,-6667.31
100248,31/05/2012,Cashsave,610.12
100253,31/05/2012,Cashsave,7133.61
100260,31/05/2012,Cashsave,827.96
100291,31/05/2012,Current,-7998.29
100304,31/05/2012,Current,-5335.03
100307,31/05/2012,Current,835.28
100314,31/05/2012,Current,7499.36
100322,31/05/2012,Current,9129.08
100324,31/05/2012,Current,-1566.89
100333,31/05/2012,Current,8193.02
100336,31/05/2012,Current,4056.62
100344,31/05/2012,Current,3282.83
100351,31/05/2012,Current,-8552.02
100398,31/05/2012,Current,869.12
100412,31/05/2012,Current,-7280.29
100420,31/05/2012,Cashsave,4421.21
100424,31/05/2012,Current,5989.87
100439,31/05/2012,Cashsave,7445.94
100440,31/05/2012,Current,-8425.05
100457,31/05/2012,Current,-3817.18
100463,31/05/2012,Current,2311.81
100466,31/05/2012,Cashsave,7974.54
100474,31/05/2012,Current,7750.21
100481,31/05/2012,Current,4004.47
100493,31/05/2012,Current,5209.59
100502,31/05/2012,Cashsave,772.26
100508,31/05/2012,Current,-1649.35
100511,31/05/2012,Cashsave,5189.32
100515,31/05/2012,Cashsave,9690.39
100534,31/05/2012,Current,3613.15
100541,31/05/2012,Current,-3558.33
100550,31/05/2012,Current,-8857.33
100565,31/05/2012,Current,-5596.2
100569,31/05/2012,Current,1162.32
100574,31/05/2012,Cashsave,4380.41
100590,31/05/2012,Cashsave,6076.58
100621,31/05/2012,Current,-7326.75
100624,31/05/2012,Current,2721.42
100626,31/05/2012,Cashsave,1320.8
100629,31/05/2012,Current,5101.11
100645,31/05/2012,Current,5487.91
100649,31/05/2012,Current,7388.97
100652,31/05/2012,Current,9740.86
100673,31/05/2012,Current,7891.11
100677,31/05/2012,Current,-3871.82
100698,31/05/2012,Current,9128.51
100709,31/05/2012,Current,9753.09
100719,31/05/2012,Cashsave,3659.6
100728,31/05/2012,Current,-776.22
100729,31/05/2012,Current,-1344.66
100734,31/05/2012,Current,5916.47
100759,31/05/2012,Current,-978.9
100764,31/05/2012,Current,5365.05
100769,31/05/2012,Current,9849.88
100779,31/05/2012,Current,375.47
100790,31/05/2012,Cashsave,3974.88
100793,31/05/2012,Current,214.89
100819,31/05/2012,Current,-5301.45
100832,31/05/2012,Current,-8494.36
100846,31/05/2012,Current,-8219.97
100854,31/05/2012,Cashsave,6241.37
100898,31/05/2012,Current,-3013.37
100905,31/05/2012,Current,5902.77
100909,31/05/2012,Current,4662.6
100916,31/05/2012,Cashsave,3478.77
100946,31/05/2012,Current,899.09
100959,31/05/2012,Current,9660.31
100960,31/05/2012,Current,-4315.85
100969,31/05/2012,Cashsave,6825.44
100971,31/05/2012,Current,689
100972,31/05/2012,Current,-8194.43
100990,31/05/2012,Cashsave,194.27
100996,31/05/2012,Current,3898.84
100022,30/06/2012,Current,-5947.28
100026,30/06/2012,Cashsave,2631.26
100038,30/06/2012,Current,1458.95
100044,30/06/2012,Current,-74.33
100074,30/06/2012,Current,-9121.04
100082,30/06/2012,Current,-1378.69
100083,30/06/2012,Current,-6667.42
100105,30/06/2012,Cashsave,107.64
100108,30/06/2012,Cashsave,6922.47
100127,30/06/2012,Current,-4386.07
100146,30/06/2012,Current,6671.69
100149,30/06/2012,Cashsave,9268.88
100160,30/06/2012,Cashsave,6390.61
100162,30/06/2012,Cashsave,3381.65
100167,30/06/2012,Current,-846.96
100170,30/06/2012,Current,7643.84
100172,30/06/2012,Current,-3925.67
100204,30/06/2012,Cashsave,253.8
100216,30/06/2012,Cashsave,4455.01
100231,30/06/2012,Current,-1200.1
100239,30/06/2012,Current,905.59
100248,30/06/2012,Cashsave,8684.81
100253,30/06/2012,Cashsave,8676.3
100260,30/06/2012,Cashsave,1874.9
100291,30/06/2012,Current,3180.89
100304,30/06/2012,Current,-7570.46
100307,30/06/2012,Current,6074.99
100314,30/06/2012,Current,-5018.34
100322,30/06/2012,Current,2539.76
100324,30/06/2012,Current,-4817.17
100333,30/06/2012,Current,8961.45
100336,30/06/2012,Current,1185.43
100344,30/06/2012,Current,-3931.36
100351,30/06/2012,Current,2311.55
100398,30/06/2012,Current,3660.41
100412,30/06/2012,Current,4178.14
100420,30/06/2012,Cashsave,9368.61
100424,30/06/2012,Current,3856.88
100439,30/06/2012,Cashsave,7562.73
100440,30/06/2012,Current,-9069.92
100457,30/06/2012,Current,-3962.28
100463,30/06/2012,Current,-5875.74
100466,30/06/2012,Cashsave,6824.22
100474,30/06/2012,Current,2969.01
100481,30/06/2012,Current,3689.65
100493,30/06/2012,Current,-3275.36
100502,30/06/2012,Cashsave,5914.19
100508,30/06/2012,Current,4163.18
100511,30/06/2012,Cashsave,7883.61
100515,30/06/2012,Cashsave,5156.59
100534,30/06/2012,Current,8283.26
100541,30/06/2012,Current,-7269.28
100550,30/06/2012,Current,7042.78
100565,30/06/2012,Current,4465.56
100569,30/06/2012,Current,-7926.2
100574,30/06/2012,Cashsave,2671.46
100590,30/06/2012,Cashsave,897.06
100621,30/06/2012,Current,-6872.87
100624,30/06/2012,Current,579.39
100626,30/06/2012,Cashsave,185.04
100629,30/06/2012,Current,-5541.91
100645,30/06/2012,Current,-23.79
100649,30/06/2012,Current,-1472.98
100652,30/06/2012,Current,-4237.44
100673,30/06/2012,Current,451.74
100677,30/06/2012,Current,-4602.95
100698,30/06/2012,Current,-8254.65
100709,30/06/2012,Current,485.75
100719,30/06/2012,Cashsave,1430.81
100728,30/06/2012,Current,-9745.99
100729,30/06/2012,Current,3642.87
100734,30/06/2012,Current,2749.37
100759,30/06/2012,Current,2007.08
100764,30/06/2012,Current,-5871.83
100769,30/06/2012,Current,6412.85
100779,30/06/2012,Current,3402.79
100790,30/06/2012,Cashsave,1984.76
100793,30/06/2012,Current,5895.02
100819,30/06/2012,Current,6958.65
100832,30/06/2012,Current,4708.41
100846,30/06/2012,Current,4730.7
100854,30/06/2012,Cashsave,7381.29
100898,30/06/2012,Current,-5967.32
100905,30/06/2012,Current,1859.63
100909,30/06/2012,Current,7326.12
100916,30/06/2012,Cashsave,2906.5
100946,30/06/2012,Current,8072.04
100959,30/06/2012,Current,-4700.81
100960,30/06/2012,Current,3019.96
100969,30/06/2012,Cashsave,8433.93
100971,30/06/2012,Current,8958.26
100972,30/06/2012,Current,-4260.44
100990,30/06/2012,Cashsave,-2852.95
100996,30/06/2012,Current,-4766.85
,,,